#
# There is insufficient memory for the Java Runtime Environment to continue.
# Native memory allocation (malloc) failed to allocate 16710736 bytes. Error detail: Chunk::new
# Possible reasons:
#   The system is out of physical RAM or swap space
#   This process is running with CompressedOops enabled, and the Java Heap may be blocking the growth of the native heap
# Possible solutions:
#   Reduce memory load on the system
#   Increase physical memory or swap space
#   Check if swap backing store is full
#   Decrease Java heap size (-Xmx/-Xms)
#   Decrease number of Java threads
#   Decrease Java thread stack sizes (-Xss)
#   Set larger code cache with -XX:ReservedCodeCacheSize=
#   JVM is running with Unscaled Compressed Oops mode in which the Java heap is
#     placed in the first 4GB address space. The Java Heap base address is the
#     maximum limit for the native heap growth. Please use -XX:HeapBaseMinAddress
#     to set the Java Heap base and to place the Java Heap above 4GB virtual address.
# This output file may be truncated or incomplete.
#
#  Out of Memory Error (arena.cpp:162), pid=816, tid=10156
#
# JRE version: OpenJDK Runtime Environment (24.0.1+9) (build 24.0.1+9-30)
# Java VM: OpenJDK 64-Bit Server VM (24.0.1+9-30, mixed mode, sharing, tiered, compressed oops, compressed class ptrs, g1 gc, windows-amd64)
# No core dump will be written. Minidumps are not enabled by default on client versions of Windows
#

---------------  S U M M A R Y ------------

Command Line: --add-opens=java.base/java.lang=ALL-UNNAMED --add-opens=java.base/java.lang.invoke=ALL-UNNAMED --add-opens=java.base/java.util=ALL-UNNAMED --add-opens=java.prefs/java.util.prefs=ALL-UNNAMED --add-exports=jdk.compiler/com.sun.tools.javac.api=ALL-UNNAMED --add-exports=jdk.compiler/com.sun.tools.javac.util=ALL-UNNAMED --add-opens=java.base/java.util=ALL-UNNAMED --add-opens=java.prefs/java.util.prefs=ALL-UNNAMED --add-opens=java.base/java.nio.charset=ALL-UNNAMED --add-opens=java.base/java.net=ALL-UNNAMED --add-opens=java.base/java.util.concurrent.atomic=ALL-UNNAMED --add-opens=java.xml/javax.xml.namespace=ALL-UNNAMED --enable-native-access=ALL-UNNAMED -XX:MaxMetaspaceSize=384m -XX:+HeapDumpOnOutOfMemoryError -Xms256m -Xmx512m -Dfile.encoding=UTF-8 -Duser.country=US -Duser.language=en -Duser.variant -javaagent:C:\Users\vuquo\.gradle\wrapper\dists\gradle-8.14.3-bin\cv11ve7ro1n3o1j4so8xd9n66\gradle-8.14.3\lib\agents\gradle-instrumentation-agent-8.14.3.jar org.gradle.launcher.daemon.bootstrap.GradleDaemon 8.14.3

Host: 11th Gen Intel(R) Core(TM) i5-11260H @ 2.60GHz, 12 cores, 7G,  Windows 11 , 64 bit Build 22621 (10.0.22621.3672)
Time: Thu Mar 26 03:11:06 2026 SE Asia Standard Time elapsed time: 251.498380 seconds (0d 0h 4m 11s)

---------------  T H R E A D  ---------------

Current thread (0x000001a7d7a28ae0):  JavaThread "C2 CompilerThread0" daemon [_thread_in_native, id=10156, stack(0x0000001160c00000,0x0000001160d00000) (1024K)]


Current CompileTask:
C2:251498 14338       4       io.spring.gradle.dependencymanagement.org.apache.maven.model.io.xpp3.MavenXpp3Reader::parseModel (1606 bytes)

Stack: [0x0000001160c00000,0x0000001160d00000]
Native frames: (J=compiled Java code, j=interpreted, Vv=VM code, C=native code)
V  [jvm.dll+0x730739]  (no source info available)
V  [jvm.dll+0x8d9b23]  (no source info available)
V  [jvm.dll+0x8dc00d]  (no source info available)
V  [jvm.dll+0x8dc683]  (no source info available)
V  [jvm.dll+0x2aa086]  (no source info available)
V  [jvm.dll+0xcedef]  (no source info available)
V  [jvm.dll+0xcf04f]  (no source info available)
V  [jvm.dll+0x154d83]  (no source info available)
V  [jvm.dll+0x735f5f]  (no source info available)
V  [jvm.dll+0x26fa1c]  (no source info available)
V  [jvm.dll+0x26ea3f]  (no source info available)
V  [jvm.dll+0x1e9d60]  (no source info available)
V  [jvm.dll+0x27e1fb]  (no source info available)
V  [jvm.dll+0x27c49a]  (no source info available)
V  [jvm.dll+0x42f456]  (no source info available)
V  [jvm.dll+0x87d76b]  (no source info available)
V  [jvm.dll+0x72ee55]  (no source info available)
C  [ucrtbase.dll+0x29333]  (no source info available)
C  [KERNEL32.DLL+0x1257d]  (no source info available)
C  [ntdll.dll+0x5af28]  (no source info available)

Lock stack of current Java thread (top to bottom):


---------------  P R O C E S S  ---------------

Threads class SMR info:
_java_thread_list=0x000001a7f7a9c2a0, length=174, elements={
0x000001a7ba1a5110, 0x000001a7d7a201d0, 0x000001a7d7a21920, 0x000001a7d7a250d0,
0x000001a7d7a25c00, 0x000001a7d7a26730, 0x000001a7d7a27260, 0x000001a7d7a28ae0,
0x000001a7d7a29660, 0x000001a7d7c23f00, 0x000001a7d7cab1d0, 0x000001a7f2728a80,
0x000001a7f29ed460, 0x000001a7f27e7a30, 0x000001a7f2b38990, 0x000001a7f2b347c0,
0x000001a7f2b35db0, 0x000001a7f2b34f10, 0x000001a7f2b35660, 0x000001a7f2b37af0,
0x000001a7f2b36c50, 0x000001a7f2b38240, 0x000001a7f2b39830, 0x000001a7f3d124f0,
0x000001a7f3d15f70, 0x000001a7f3d150d0, 0x000001a7f3d13390, 0x000001a7f3d10060,
0x000001a7f3d17560, 0x000001a7f34e6380, 0x000001a7f34e54e0, 0x000001a7f14094e0,
0x000001a7f27e9020, 0x000001a7f27e9770, 0x000001a7f27e72e0, 0x000001a7f27e8180,
0x000001a7f27e9ec0, 0x000001a7f27ea610, 0x000001a7f50ebe50, 0x000001a7f50ec5a0,
0x000001a7f50f0770, 0x000001a7f50ef180, 0x000001a7f50ef8d0, 0x000001a7f50edb90,
0x000001a7f50f24b0, 0x000001a7f50f0020, 0x000001a7f50eb700, 0x000001a7f50eea30,
0x000001a7f50f0ec0, 0x000001a7f50f1610, 0x000001a7f50f1d60, 0x000001a7f50f2c00,
0x000001a7f50ed440, 0x000001a7f50f3aa0, 0x000001a7f50eccf0, 0x000001a7f50f41f0,
0x000001a7f50f4940, 0x000001a7f50f5090, 0x000001a7f50ee2e0, 0x000001a7f50f57e0,
0x000001a7f50f9260, 0x000001a7f50f99b0, 0x000001a7f50fa100, 0x000001a7f50f83c0,
0x000001a7f50f6dd0, 0x000001a7f50f5f30, 0x000001a7f50f6680, 0x000001a7f50f7c70,
0x000001a7f50f7520, 0x000001a7f50f8b10, 0x000001a7f13fde10, 0x000001a7f1401890,
0x000001a7f13fe560, 0x000001a7f1401fe0, 0x000001a7f13fecb0, 0x000001a7f13ff400,
0x000001a7f13ffb50, 0x000001a7f13fc820, 0x000001a7f1401140, 0x000001a7f14002a0,
0x000001a7f13fb980, 0x000001a7f1402e80, 0x000001a7f13fc0d0, 0x000001a7f1403d20,
0x000001a7f14035d0, 0x000001a7f13fcf70, 0x000001a7f140a380, 0x000001a7f1408640,
0x000001a7f1404470, 0x000001a7f1407050, 0x000001a7f140aad0, 0x000001a7f14077a0,
0x000001a7f1405a60, 0x000001a7f1404bc0, 0x000001a7f1407ef0, 0x000001a7f1409c30,
0x000001a7f14061b0, 0x000001a7f1405310, 0x000001a7f1406900, 0x000001a7f1408d90,
0x000001a7f57512c0, 0x000001a7f574e6e0, 0x000001a7f574d0f0, 0x000001a7f574df90,
0x000001a7f57528b0, 0x000001a7f574ee30, 0x000001a7f574f580, 0x000001a7f574c250,
0x000001a7f5753000, 0x000001a7f574d840, 0x000001a7f5752160, 0x000001a7f574c9a0,
0x000001a7f5753750, 0x000001a7f574fcd0, 0x000001a7f5750b70, 0x000001a7f5750420,
0x000001a7f4984b40, 0x000001a7f4986880, 0x000001a7f4986130, 0x000001a7f4981810,
0x000001a7f4986fd0, 0x000001a7f4981f60, 0x000001a7f49859e0, 0x000001a7f4985290,
0x000001a7f4987720, 0x000001a7f4980970, 0x000001a7f4983550, 0x000001a7f4987e70,
0x000001a7f49810c0, 0x000001a7f49826b0, 0x000001a7f4983ca0, 0x000001a7f49843f0,
0x000001a7f48d4d30, 0x000001a7f48d6320, 0x000001a7f48d5bd0, 0x000001a7f48d6a70,
0x000001a7f48d71c0, 0x000001a7f48d87b0, 0x000001a7f48d7910, 0x000001a7f48d8060,
0x000001a7f48d1a00, 0x000001a7f48d8f00, 0x000001a7f48d2150, 0x000001a7f48d28a0,
0x000001a7f48d3740, 0x000001a7f48d2ff0, 0x000001a7f48d3e90, 0x000001a7f34e4d90,
0x000001a7f34e8f60, 0x000001a7f34e6ad0, 0x000001a7f34e5c30, 0x000001a7f34e7220,
0x000001a7f34eaca0, 0x000001a7f34e80c0, 0x000001a7f34e7970, 0x000001a7f34eb3f0,
0x000001a7f34e8810, 0x000001a7f34e9e00, 0x000001a7f34e96b0, 0x000001a7f34ea550,
0x000001a7f34e4640, 0x000001a7f34ebb40, 0x000001a7f3d166c0, 0x000001a7f3d16e10,
0x000001a7f3d11da0, 0x000001a7f3d107b0, 0x000001a7f3d10f00, 0x000001a7f3d12c40,
0x000001a7f3d13ae0, 0x000001a7f3d14230, 0x000001a7f3d14980, 0x000001a7f3d11650,
0x000001a7f3d15820, 0x000001a7f2b34070
}

Java Threads: ( => current thread )
  0x000001a7ba1a5110 JavaThread "main"                              [_thread_blocked, id=18512, stack(0x000000115fe00000,0x000000115ff00000) (1024K)]
  0x000001a7d7a201d0 JavaThread "Reference Handler"          daemon [_thread_blocked, id=9428, stack(0x0000001160600000,0x0000001160700000) (1024K)]
  0x000001a7d7a21920 JavaThread "Finalizer"                  daemon [_thread_blocked, id=5408, stack(0x0000001160700000,0x0000001160800000) (1024K)]
  0x000001a7d7a250d0 JavaThread "Signal Dispatcher"          daemon [_thread_blocked, id=15768, stack(0x0000001160800000,0x0000001160900000) (1024K)]
  0x000001a7d7a25c00 JavaThread "Attach Listener"            daemon [_thread_blocked, id=11216, stack(0x0000001160900000,0x0000001160a00000) (1024K)]
  0x000001a7d7a26730 JavaThread "Service Thread"             daemon [_thread_blocked, id=368, stack(0x0000001160a00000,0x0000001160b00000) (1024K)]
  0x000001a7d7a27260 JavaThread "Monitor Deflation Thread"   daemon [_thread_blocked, id=13508, stack(0x0000001160b00000,0x0000001160c00000) (1024K)]
=>0x000001a7d7a28ae0 JavaThread "C2 CompilerThread0"         daemon [_thread_in_native, id=10156, stack(0x0000001160c00000,0x0000001160d00000) (1024K)]
  0x000001a7d7a29660 JavaThread "C1 CompilerThread0"         daemon [_thread_blocked, id=16584, stack(0x0000001160d00000,0x0000001160e00000) (1024K)]
  0x000001a7d7c23f00 JavaThread "Common-Cleaner"             daemon [_thread_blocked, id=10584, stack(0x0000001160e00000,0x0000001160f00000) (1024K)]
  0x000001a7d7cab1d0 JavaThread "Notification Thread"        daemon [_thread_blocked, id=6424, stack(0x0000001160f00000,0x0000001161000000) (1024K)]
  0x000001a7f2728a80 JavaThread "Daemon health stats"               [_thread_blocked, id=17016, stack(0x0000001161600000,0x0000001161700000) (1024K)]
  0x000001a7f29ed460 JavaThread "Incoming local TCP Connector on port 54673"        [_thread_in_native, id=16928, stack(0x0000001161700000,0x0000001161800000) (1024K)]
  0x000001a7f27e7a30 JavaThread "Daemon periodic checks"            [_thread_blocked, id=5928, stack(0x0000001161800000,0x0000001161900000) (1024K)]
  0x000001a7f2b38990 JavaThread "Cache worker for journal cache (C:\Users\vuquo\.gradle\caches\journal-1)"        [_thread_blocked, id=13016, stack(0x0000001162000000,0x0000001162100000) (1024K)]
  0x000001a7f2b347c0 JavaThread "File lock request listener"        [_thread_in_native, id=10136, stack(0x0000001162100000,0x0000001162200000) (1024K)]
  0x000001a7f2b35db0 JavaThread "Cache worker for file hash cache (C:\Users\vuquo\.gradle\caches\8.14.3\fileHashes)"        [_thread_blocked, id=4488, stack(0x0000001162600000,0x0000001162700000) (1024K)]
  0x000001a7f2b34f10 JavaThread "File watcher server"        daemon [_thread_in_native, id=5184, stack(0x0000001162b00000,0x0000001162c00000) (1024K)]
  0x000001a7f2b35660 JavaThread "File watcher consumer"      daemon [_thread_blocked, id=3224, stack(0x0000001162c00000,0x0000001162d00000) (1024K)]
  0x000001a7f2b37af0 JavaThread "jar transforms"                    [_thread_blocked, id=1392, stack(0x0000001162d00000,0x0000001162e00000) (1024K)]
  0x000001a7f2b36c50 JavaThread "jar transforms Thread 2"           [_thread_blocked, id=17720, stack(0x0000001162e00000,0x0000001162f00000) (1024K)]
  0x000001a7f2b38240 JavaThread "Cache worker for file content cache (C:\Users\vuquo\.gradle\caches\8.14.3\fileContent)"        [_thread_blocked, id=15508, stack(0x0000001163000000,0x0000001163100000) (1024K)]
  0x000001a7f2b39830 JavaThread "jar transforms Thread 3"           [_thread_blocked, id=18184, stack(0x0000001163100000,0x0000001163200000) (1024K)]
  0x000001a7f3d124f0 JavaThread "jar transforms Thread 4"           [_thread_blocked, id=3384, stack(0x0000001163c00000,0x0000001163d00000) (1024K)]
  0x000001a7f3d15f70 JavaThread "jar transforms Thread 5"           [_thread_blocked, id=18556, stack(0x0000001163d00000,0x0000001163e00000) (1024K)]
  0x000001a7f3d150d0 JavaThread "jar transforms Thread 6"           [_thread_blocked, id=15368, stack(0x0000001164200000,0x0000001164300000) (1024K)]
  0x000001a7f3d13390 JavaThread "jar transforms Thread 7"           [_thread_blocked, id=17176, stack(0x0000001164300000,0x0000001164400000) (1024K)]
  0x000001a7f3d10060 JavaThread "jar transforms Thread 8"           [_thread_blocked, id=17908, stack(0x0000001164400000,0x0000001164500000) (1024K)]
  0x000001a7f3d17560 JavaThread "jar transforms Thread 9"           [_thread_blocked, id=2836, stack(0x0000001164500000,0x0000001164600000) (1024K)]
  0x000001a7f34e6380 JavaThread "Memory manager"                    [_thread_blocked, id=7224, stack(0x0000001166700000,0x0000001166800000) (1024K)]
  0x000001a7f34e54e0 JavaThread "jar transforms Thread 10"          [_thread_blocked, id=16012, stack(0x0000001166800000,0x0000001166900000) (1024K)]
  0x000001a7f14094e0 JavaThread "Cache worker for Java compile cache (C:\Users\vuquo\.gradle\caches\8.14.3\javaCompile)"        [_thread_blocked, id=13236, stack(0x000000116cf00000,0x000000116d000000) (1024K)]
  0x000001a7f27e9020 JavaThread "Daemon Thread 4"                   [_thread_blocked, id=5884, stack(0x000000115fb00000,0x000000115fc00000) (1024K)]
  0x000001a7f27e9770 JavaThread "Handler for socket connection from /127.0.0.1:54673 to /127.0.0.1:51936"        [_thread_in_native, id=4492, stack(0x000000115fc00000,0x000000115fd00000) (1024K)]
  0x000001a7f27e72e0 JavaThread "Cancel handler"                    [_thread_blocked, id=7820, stack(0x000000115fd00000,0x000000115fe00000) (1024K)]
  0x000001a7f27e8180 JavaThread "Daemon worker Thread 4"            [_thread_in_Java, id=7472, stack(0x0000001161000000,0x0000001161100000) (1024K)]
  0x000001a7f27e9ec0 JavaThread "Asynchronous log dispatcher for DefaultDaemonConnection: socket connection from /127.0.0.1:54673 to /127.0.0.1:51936"        [_thread_blocked, id=12684, stack(0x0000001161900000,0x0000001161a00000) (1024K)]
  0x000001a7f27ea610 JavaThread "Stdin handler"                     [_thread_blocked, id=3704, stack(0x0000001161a00000,0x0000001161b00000) (1024K)]
  0x000001a7f50ebe50 JavaThread "Daemon client event forwarder"        [_thread_blocked, id=11780, stack(0x0000001161b00000,0x0000001161c00000) (1024K)]
  0x000001a7f50ec5a0 JavaThread "Cache worker for file hash cache (D:\codegym\module-4\PTT_Module5_Team2\.gradle\8.14.3\fileHashes)"        [_thread_blocked, id=7892, stack(0x0000001161c00000,0x0000001161d00000) (1024K)]
  0x000001a7f50f0770 JavaThread "Cache worker for Build Output Cleanup Cache (D:\codegym\module-4\PTT_Module5_Team2\.gradle\buildOutputCleanup)"        [_thread_blocked, id=15380, stack(0x0000001161d00000,0x0000001161e00000) (1024K)]
  0x000001a7f50ef180 JavaThread "Cache worker for checksums cache (D:\codegym\module-4\PTT_Module5_Team2\.gradle\8.14.3\checksums)"        [_thread_blocked, id=18168, stack(0x0000001161e00000,0x0000001161f00000) (1024K)]
  0x000001a7f50ef8d0 JavaThread "Cache worker for cache directory md-supplier (C:\Users\vuquo\.gradle\caches\8.14.3\md-supplier)"        [_thread_blocked, id=16008, stack(0x0000001161f00000,0x0000001162000000) (1024K)]
  0x000001a7f50edb90 JavaThread "Cache worker for cache directory md-rule (C:\Users\vuquo\.gradle\caches\8.14.3\md-rule)"        [_thread_blocked, id=15396, stack(0x0000001162900000,0x0000001162a00000) (1024K)]
  0x000001a7f50f24b0 JavaThread "Unconstrained build operations"        [_thread_blocked, id=12868, stack(0x0000001162a00000,0x0000001162b00000) (1024K)]
  0x000001a7f50f0020 JavaThread "Unconstrained build operations Thread 2"        [_thread_blocked, id=2324, stack(0x0000001162f00000,0x0000001163000000) (1024K)]
  0x000001a7f50eb700 JavaThread "Unconstrained build operations Thread 3"        [_thread_blocked, id=14644, stack(0x0000001163200000,0x0000001163300000) (1024K)]
  0x000001a7f50eea30 JavaThread "Unconstrained build operations Thread 4"        [_thread_blocked, id=13436, stack(0x0000001163300000,0x0000001163400000) (1024K)]
  0x000001a7f50f0ec0 JavaThread "Unconstrained build operations Thread 5"        [_thread_blocked, id=14508, stack(0x0000001163400000,0x0000001163500000) (1024K)]
  0x000001a7f50f1610 JavaThread "Unconstrained build operations Thread 6"        [_thread_blocked, id=9548, stack(0x0000001163500000,0x0000001163600000) (1024K)]
  0x000001a7f50f1d60 JavaThread "Unconstrained build operations Thread 7"        [_thread_blocked, id=17268, stack(0x0000001163600000,0x0000001163700000) (1024K)]
  0x000001a7f50f2c00 JavaThread "Unconstrained build operations Thread 8"        [_thread_blocked, id=18292, stack(0x0000001163700000,0x0000001163800000) (1024K)]
  0x000001a7f50ed440 JavaThread "Unconstrained build operations Thread 9"        [_thread_blocked, id=16752, stack(0x0000001163800000,0x0000001163900000) (1024K)]
  0x000001a7f50f3aa0 JavaThread "Unconstrained build operations Thread 10"        [_thread_blocked, id=9784, stack(0x0000001163900000,0x0000001163a00000) (1024K)]
  0x000001a7f50eccf0 JavaThread "Unconstrained build operations Thread 11"        [_thread_blocked, id=7656, stack(0x0000001163a00000,0x0000001163b00000) (1024K)]
  0x000001a7f50f41f0 JavaThread "Unconstrained build operations Thread 12"        [_thread_blocked, id=2228, stack(0x0000001163b00000,0x0000001163c00000) (1024K)]
  0x000001a7f50f4940 JavaThread "Unconstrained build operations Thread 13"        [_thread_blocked, id=7528, stack(0x0000001163e00000,0x0000001163f00000) (1024K)]
  0x000001a7f50f5090 JavaThread "Unconstrained build operations Thread 14"        [_thread_blocked, id=10132, stack(0x0000001163f00000,0x0000001164000000) (1024K)]
  0x000001a7f50ee2e0 JavaThread "Unconstrained build operations Thread 15"        [_thread_blocked, id=11116, stack(0x0000001164000000,0x0000001164100000) (1024K)]
  0x000001a7f50f57e0 JavaThread "Unconstrained build operations Thread 16"        [_thread_blocked, id=12740, stack(0x0000001164100000,0x0000001164200000) (1024K)]
  0x000001a7f50f9260 JavaThread "Unconstrained build operations Thread 17"        [_thread_blocked, id=14396, stack(0x0000001164600000,0x0000001164700000) (1024K)]
  0x000001a7f50f99b0 JavaThread "Unconstrained build operations Thread 18"        [_thread_blocked, id=19388, stack(0x0000001164700000,0x0000001164800000) (1024K)]
  0x000001a7f50fa100 JavaThread "Unconstrained build operations Thread 19"        [_thread_blocked, id=11072, stack(0x0000001164800000,0x0000001164900000) (1024K)]
  0x000001a7f50f83c0 JavaThread "Unconstrained build operations Thread 20"        [_thread_blocked, id=6168, stack(0x0000001164900000,0x0000001164a00000) (1024K)]
  0x000001a7f50f6dd0 JavaThread "Unconstrained build operations Thread 21"        [_thread_blocked, id=17980, stack(0x0000001164a00000,0x0000001164b00000) (1024K)]
  0x000001a7f50f5f30 JavaThread "Unconstrained build operations Thread 22"        [_thread_blocked, id=2428, stack(0x0000001164b00000,0x0000001164c00000) (1024K)]
  0x000001a7f50f6680 JavaThread "Unconstrained build operations Thread 23"        [_thread_blocked, id=13024, stack(0x0000001164c00000,0x0000001164d00000) (1024K)]
  0x000001a7f50f7c70 JavaThread "Unconstrained build operations Thread 24"        [_thread_blocked, id=15804, stack(0x0000001164d00000,0x0000001164e00000) (1024K)]
  0x000001a7f50f7520 JavaThread "Unconstrained build operations Thread 25"        [_thread_blocked, id=12652, stack(0x0000001164e00000,0x0000001164f00000) (1024K)]
  0x000001a7f50f8b10 JavaThread "Unconstrained build operations Thread 26"        [_thread_blocked, id=16452, stack(0x0000001164f00000,0x0000001165000000) (1024K)]
  0x000001a7f13fde10 JavaThread "Unconstrained build operations Thread 27"        [_thread_blocked, id=8104, stack(0x0000001165000000,0x0000001165100000) (1024K)]
  0x000001a7f1401890 JavaThread "Unconstrained build operations Thread 28"        [_thread_blocked, id=5932, stack(0x0000001165100000,0x0000001165200000) (1024K)]
  0x000001a7f13fe560 JavaThread "Unconstrained build operations Thread 29"        [_thread_blocked, id=14604, stack(0x0000001165200000,0x0000001165300000) (1024K)]
  0x000001a7f1401fe0 JavaThread "Unconstrained build operations Thread 30"        [_thread_blocked, id=9516, stack(0x0000001165300000,0x0000001165400000) (1024K)]
  0x000001a7f13fecb0 JavaThread "ForkJoinPool.commonPool-worker-30" daemon [_thread_blocked, id=14884, stack(0x0000001165400000,0x0000001165500000) (1024K)]
  0x000001a7f13ff400 JavaThread "ForkJoinPool.commonPool-worker-31" daemon [_thread_blocked, id=18416, stack(0x0000001165500000,0x0000001165600000) (1024K)]
  0x000001a7f13ffb50 JavaThread "ForkJoinPool.commonPool-worker-32" daemon [_thread_blocked, id=18528, stack(0x0000001165600000,0x0000001165700000) (1024K)]
  0x000001a7f13fc820 JavaThread "ForkJoinPool.commonPool-worker-33" daemon [_thread_blocked, id=13532, stack(0x0000001165700000,0x0000001165800000) (1024K)]
  0x000001a7f1401140 JavaThread "ForkJoinPool.commonPool-worker-34" daemon [_thread_blocked, id=16716, stack(0x0000001165800000,0x0000001165900000) (1024K)]
  0x000001a7f14002a0 JavaThread "ForkJoinPool.commonPool-worker-35" daemon [_thread_blocked, id=744, stack(0x0000001165900000,0x0000001165a00000) (1024K)]
  0x000001a7f13fb980 JavaThread "ForkJoinPool.commonPool-worker-36" daemon [_thread_blocked, id=1804, stack(0x0000001165a00000,0x0000001165b00000) (1024K)]
  0x000001a7f1402e80 JavaThread "ForkJoinPool.commonPool-worker-37" daemon [_thread_blocked, id=13488, stack(0x0000001165b00000,0x0000001165c00000) (1024K)]
  0x000001a7f13fc0d0 JavaThread "ForkJoinPool.commonPool-worker-38" daemon [_thread_blocked, id=15544, stack(0x0000001165c00000,0x0000001165d00000) (1024K)]
  0x000001a7f1403d20 JavaThread "ForkJoinPool.commonPool-worker-39" daemon [_thread_blocked, id=14232, stack(0x0000001165d00000,0x0000001165e00000) (1024K)]
  0x000001a7f14035d0 JavaThread "Unconstrained build operations Thread 31"        [_thread_blocked, id=3268, stack(0x0000001165e00000,0x0000001165f00000) (1024K)]
  0x000001a7f13fcf70 JavaThread "Unconstrained build operations Thread 32"        [_thread_blocked, id=13212, stack(0x0000001165f00000,0x0000001166000000) (1024K)]
  0x000001a7f140a380 JavaThread "Unconstrained build operations Thread 33"        [_thread_blocked, id=16936, stack(0x0000001166000000,0x0000001166100000) (1024K)]
  0x000001a7f1408640 JavaThread "Unconstrained build operations Thread 34"        [_thread_blocked, id=11784, stack(0x0000001166100000,0x0000001166200000) (1024K)]
  0x000001a7f1404470 JavaThread "Unconstrained build operations Thread 35"        [_thread_blocked, id=316, stack(0x0000001166200000,0x0000001166300000) (1024K)]
  0x000001a7f1407050 JavaThread "Unconstrained build operations Thread 36"        [_thread_blocked, id=10628, stack(0x0000001166300000,0x0000001166400000) (1024K)]
  0x000001a7f140aad0 JavaThread "Unconstrained build operations Thread 37"        [_thread_blocked, id=8976, stack(0x0000001166400000,0x0000001166500000) (1024K)]
  0x000001a7f14077a0 JavaThread "Unconstrained build operations Thread 38"        [_thread_blocked, id=11864, stack(0x0000001166500000,0x0000001166600000) (1024K)]
  0x000001a7f1405a60 JavaThread "Unconstrained build operations Thread 39"        [_thread_blocked, id=19300, stack(0x0000001166600000,0x0000001166700000) (1024K)]
  0x000001a7f1404bc0 JavaThread "Unconstrained build operations Thread 40"        [_thread_blocked, id=4636, stack(0x0000001166900000,0x0000001166a00000) (1024K)]
  0x000001a7f1407ef0 JavaThread "Unconstrained build operations Thread 41"        [_thread_blocked, id=308, stack(0x0000001166a00000,0x0000001166b00000) (1024K)]
  0x000001a7f1409c30 JavaThread "Unconstrained build operations Thread 42"        [_thread_blocked, id=16620, stack(0x0000001166b00000,0x0000001166c00000) (1024K)]
  0x000001a7f14061b0 JavaThread "Unconstrained build operations Thread 43"        [_thread_blocked, id=16712, stack(0x0000001166c00000,0x0000001166d00000) (1024K)]
  0x000001a7f1405310 JavaThread "Unconstrained build operations Thread 44"        [_thread_blocked, id=13420, stack(0x0000001166d00000,0x0000001166e00000) (1024K)]
  0x000001a7f1406900 JavaThread "Unconstrained build operations Thread 45"        [_thread_blocked, id=7104, stack(0x0000001166e00000,0x0000001166f00000) (1024K)]
  0x000001a7f1408d90 JavaThread "Unconstrained build operations Thread 46"        [_thread_blocked, id=4980, stack(0x0000001166f00000,0x0000001167000000) (1024K)]
  0x000001a7f57512c0 JavaThread "Unconstrained build operations Thread 47"        [_thread_blocked, id=12528, stack(0x0000001167000000,0x0000001167100000) (1024K)]
  0x000001a7f574e6e0 JavaThread "Unconstrained build operations Thread 48"        [_thread_blocked, id=15656, stack(0x0000001167100000,0x0000001167200000) (1024K)]
  0x000001a7f574d0f0 JavaThread "Unconstrained build operations Thread 49"        [_thread_blocked, id=16436, stack(0x0000001167200000,0x0000001167300000) (1024K)]
  0x000001a7f574df90 JavaThread "Unconstrained build operations Thread 50"        [_thread_blocked, id=8748, stack(0x0000001167300000,0x0000001167400000) (1024K)]
  0x000001a7f57528b0 JavaThread "Unconstrained build operations Thread 51"        [_thread_blocked, id=19072, stack(0x0000001167400000,0x0000001167500000) (1024K)]
  0x000001a7f574ee30 JavaThread "Unconstrained build operations Thread 52"        [_thread_blocked, id=4944, stack(0x0000001167500000,0x0000001167600000) (1024K)]
  0x000001a7f574f580 JavaThread "Unconstrained build operations Thread 53"        [_thread_blocked, id=17160, stack(0x0000001167600000,0x0000001167700000) (1024K)]
  0x000001a7f574c250 JavaThread "Unconstrained build operations Thread 54"        [_thread_blocked, id=5012, stack(0x0000001167700000,0x0000001167800000) (1024K)]
  0x000001a7f5753000 JavaThread "Unconstrained build operations Thread 55"        [_thread_blocked, id=5832, stack(0x0000001167800000,0x0000001167900000) (1024K)]
  0x000001a7f574d840 JavaThread "Unconstrained build operations Thread 56"        [_thread_blocked, id=12312, stack(0x0000001167900000,0x0000001167a00000) (1024K)]
  0x000001a7f5752160 JavaThread "Unconstrained build operations Thread 57"        [_thread_blocked, id=10052, stack(0x0000001167a00000,0x0000001167b00000) (1024K)]
  0x000001a7f574c9a0 JavaThread "Unconstrained build operations Thread 58"        [_thread_blocked, id=17844, stack(0x0000001167b00000,0x0000001167c00000) (1024K)]
  0x000001a7f5753750 JavaThread "Unconstrained build operations Thread 59"        [_thread_blocked, id=11188, stack(0x0000001167c00000,0x0000001167d00000) (1024K)]
  0x000001a7f574fcd0 JavaThread "Unconstrained build operations Thread 60"        [_thread_blocked, id=2588, stack(0x0000001167d00000,0x0000001167e00000) (1024K)]
  0x000001a7f5750b70 JavaThread "Unconstrained build operations Thread 61"        [_thread_blocked, id=4628, stack(0x0000001167e00000,0x0000001167f00000) (1024K)]
  0x000001a7f5750420 JavaThread "Unconstrained build operations Thread 62"        [_thread_blocked, id=15580, stack(0x0000001167f00000,0x0000001168000000) (1024K)]
  0x000001a7f4984b40 JavaThread "Unconstrained build operations Thread 63"        [_thread_blocked, id=7184, stack(0x0000001168000000,0x0000001168100000) (1024K)]
  0x000001a7f4986880 JavaThread "Unconstrained build operations Thread 64"        [_thread_blocked, id=9876, stack(0x0000001168100000,0x0000001168200000) (1024K)]
  0x000001a7f4986130 JavaThread "Unconstrained build operations Thread 65"        [_thread_blocked, id=9620, stack(0x0000001168200000,0x0000001168300000) (1024K)]
  0x000001a7f4981810 JavaThread "Unconstrained build operations Thread 66"        [_thread_blocked, id=9948, stack(0x0000001168300000,0x0000001168400000) (1024K)]
  0x000001a7f4986fd0 JavaThread "Unconstrained build operations Thread 67"        [_thread_blocked, id=11636, stack(0x0000001168400000,0x0000001168500000) (1024K)]
  0x000001a7f4981f60 JavaThread "Unconstrained build operations Thread 68"        [_thread_blocked, id=13868, stack(0x0000001168500000,0x0000001168600000) (1024K)]
  0x000001a7f49859e0 JavaThread "Unconstrained build operations Thread 69"        [_thread_blocked, id=16020, stack(0x0000001168600000,0x0000001168700000) (1024K)]
  0x000001a7f4985290 JavaThread "Unconstrained build operations Thread 70"        [_thread_blocked, id=2068, stack(0x0000001168700000,0x0000001168800000) (1024K)]
  0x000001a7f4987720 JavaThread "Unconstrained build operations Thread 71"        [_thread_blocked, id=8848, stack(0x0000001168800000,0x0000001168900000) (1024K)]
  0x000001a7f4980970 JavaThread "Unconstrained build operations Thread 72"        [_thread_blocked, id=18596, stack(0x0000001168900000,0x0000001168a00000) (1024K)]
  0x000001a7f4983550 JavaThread "Unconstrained build operations Thread 73"        [_thread_blocked, id=16528, stack(0x0000001168a00000,0x0000001168b00000) (1024K)]
  0x000001a7f4987e70 JavaThread "Unconstrained build operations Thread 74"        [_thread_blocked, id=3236, stack(0x0000001168b00000,0x0000001168c00000) (1024K)]
  0x000001a7f49810c0 JavaThread "Unconstrained build operations Thread 75"        [_thread_blocked, id=7428, stack(0x0000001168c00000,0x0000001168d00000) (1024K)]
  0x000001a7f49826b0 JavaThread "Unconstrained build operations Thread 76"        [_thread_blocked, id=6588, stack(0x0000001168d00000,0x0000001168e00000) (1024K)]
  0x000001a7f4983ca0 JavaThread "Unconstrained build operations Thread 77"        [_thread_blocked, id=7088, stack(0x0000001168e00000,0x0000001168f00000) (1024K)]
  0x000001a7f49843f0 JavaThread "Unconstrained build operations Thread 78"        [_thread_blocked, id=4144, stack(0x0000001168f00000,0x0000001169000000) (1024K)]
  0x000001a7f48d4d30 JavaThread "Unconstrained build operations Thread 79"        [_thread_blocked, id=8520, stack(0x0000001169000000,0x0000001169100000) (1024K)]
  0x000001a7f48d6320 JavaThread "Unconstrained build operations Thread 80"        [_thread_blocked, id=9872, stack(0x0000001169100000,0x0000001169200000) (1024K)]
  0x000001a7f48d5bd0 JavaThread "Unconstrained build operations Thread 81"        [_thread_blocked, id=9808, stack(0x0000001169200000,0x0000001169300000) (1024K)]
  0x000001a7f48d6a70 JavaThread "Unconstrained build operations Thread 82"        [_thread_blocked, id=12348, stack(0x0000001169300000,0x0000001169400000) (1024K)]
  0x000001a7f48d71c0 JavaThread "Unconstrained build operations Thread 83"        [_thread_blocked, id=15604, stack(0x0000001169400000,0x0000001169500000) (1024K)]
  0x000001a7f48d87b0 JavaThread "Unconstrained build operations Thread 84"        [_thread_blocked, id=14888, stack(0x0000001169500000,0x0000001169600000) (1024K)]
  0x000001a7f48d7910 JavaThread "Unconstrained build operations Thread 85"        [_thread_blocked, id=16672, stack(0x0000001169600000,0x0000001169700000) (1024K)]
  0x000001a7f48d8060 JavaThread "Unconstrained build operations Thread 86"        [_thread_blocked, id=5196, stack(0x0000001169700000,0x0000001169800000) (1024K)]
  0x000001a7f48d1a00 JavaThread "Unconstrained build operations Thread 87"        [_thread_blocked, id=6252, stack(0x0000001169800000,0x0000001169900000) (1024K)]
  0x000001a7f48d8f00 JavaThread "Unconstrained build operations Thread 88"        [_thread_blocked, id=12172, stack(0x0000001169900000,0x0000001169a00000) (1024K)]
  0x000001a7f48d2150 JavaThread "Unconstrained build operations Thread 89"        [_thread_blocked, id=10092, stack(0x0000001169a00000,0x0000001169b00000) (1024K)]
  0x000001a7f48d28a0 JavaThread "Unconstrained build operations Thread 90"        [_thread_blocked, id=16068, stack(0x0000001169b00000,0x0000001169c00000) (1024K)]
  0x000001a7f48d3740 JavaThread "Unconstrained build operations Thread 91"        [_thread_blocked, id=18264, stack(0x0000001169c00000,0x0000001169d00000) (1024K)]
  0x000001a7f48d2ff0 JavaThread "Unconstrained build operations Thread 92"        [_thread_blocked, id=12960, stack(0x0000001169d00000,0x0000001169e00000) (1024K)]
  0x000001a7f48d3e90 JavaThread "Unconstrained build operations Thread 93"        [_thread_blocked, id=12800, stack(0x0000001169e00000,0x0000001169f00000) (1024K)]
  0x000001a7f34e4d90 JavaThread "Unconstrained build operations Thread 94"        [_thread_blocked, id=3784, stack(0x0000001169f00000,0x000000116a000000) (1024K)]
  0x000001a7f34e8f60 JavaThread "Unconstrained build operations Thread 95"        [_thread_blocked, id=10284, stack(0x000000116a000000,0x000000116a100000) (1024K)]
  0x000001a7f34e6ad0 JavaThread "Unconstrained build operations Thread 96"        [_thread_blocked, id=12120, stack(0x000000116a100000,0x000000116a200000) (1024K)]
  0x000001a7f34e5c30 JavaThread "Unconstrained build operations Thread 97"        [_thread_blocked, id=19348, stack(0x000000116a200000,0x000000116a300000) (1024K)]
  0x000001a7f34e7220 JavaThread "Unconstrained build operations Thread 98"        [_thread_blocked, id=16708, stack(0x000000116a300000,0x000000116a400000) (1024K)]
  0x000001a7f34eaca0 JavaThread "Unconstrained build operations Thread 99"        [_thread_blocked, id=3292, stack(0x000000116a400000,0x000000116a500000) (1024K)]
  0x000001a7f34e80c0 JavaThread "Unconstrained build operations Thread 100"        [_thread_blocked, id=16560, stack(0x000000116a500000,0x000000116a600000) (1024K)]
  0x000001a7f34e7970 JavaThread "Unconstrained build operations Thread 101"        [_thread_blocked, id=8716, stack(0x000000116a600000,0x000000116a700000) (1024K)]
  0x000001a7f34eb3f0 JavaThread "Unconstrained build operations Thread 102"        [_thread_blocked, id=3772, stack(0x000000116a700000,0x000000116a800000) (1024K)]
  0x000001a7f34e8810 JavaThread "Unconstrained build operations Thread 103"        [_thread_blocked, id=15916, stack(0x000000116a800000,0x000000116a900000) (1024K)]
  0x000001a7f34e9e00 JavaThread "Unconstrained build operations Thread 104"        [_thread_blocked, id=17440, stack(0x000000116a900000,0x000000116aa00000) (1024K)]
  0x000001a7f34e96b0 JavaThread "Unconstrained build operations Thread 105"        [_thread_blocked, id=13480, stack(0x000000116aa00000,0x000000116ab00000) (1024K)]
  0x000001a7f34ea550 JavaThread "Unconstrained build operations Thread 106"        [_thread_blocked, id=14600, stack(0x000000116ab00000,0x000000116ac00000) (1024K)]
  0x000001a7f34e4640 JavaThread "Unconstrained build operations Thread 107"        [_thread_blocked, id=6792, stack(0x000000116ac00000,0x000000116ad00000) (1024K)]
  0x000001a7f34ebb40 JavaThread "Unconstrained build operations Thread 108"        [_thread_blocked, id=17028, stack(0x000000116ad00000,0x000000116ae00000) (1024K)]
  0x000001a7f3d166c0 JavaThread "Unconstrained build operations Thread 109"        [_thread_blocked, id=10472, stack(0x000000116ae00000,0x000000116af00000) (1024K)]
  0x000001a7f3d16e10 JavaThread "Unconstrained build operations Thread 110"        [_thread_blocked, id=9884, stack(0x000000116af00000,0x000000116b000000) (1024K)]
  0x000001a7f3d11da0 JavaThread "Unconstrained build operations Thread 111"        [_thread_blocked, id=4556, stack(0x000000116b000000,0x000000116b100000) (1024K)]
  0x000001a7f3d107b0 JavaThread "Unconstrained build operations Thread 112"        [_thread_blocked, id=8896, stack(0x000000116b100000,0x000000116b200000) (1024K)]
  0x000001a7f3d10f00 JavaThread "Unconstrained build operations Thread 113"        [_thread_blocked, id=18868, stack(0x000000116b200000,0x000000116b300000) (1024K)]
  0x000001a7f3d12c40 JavaThread "Unconstrained build operations Thread 114"        [_thread_blocked, id=12520, stack(0x000000116b300000,0x000000116b400000) (1024K)]
  0x000001a7f3d13ae0 JavaThread "Unconstrained build operations Thread 115"        [_thread_blocked, id=9580, stack(0x000000116b400000,0x000000116b500000) (1024K)]
  0x000001a7f3d14230 JavaThread "Unconstrained build operations Thread 116"        [_thread_blocked, id=3388, stack(0x000000116b500000,0x000000116b600000) (1024K)]
  0x000001a7f3d14980 JavaThread "Unconstrained build operations Thread 117"        [_thread_blocked, id=18736, stack(0x000000116b600000,0x000000116b700000) (1024K)]
  0x000001a7f3d11650 JavaThread "Unconstrained build operations Thread 118"        [_thread_blocked, id=1380, stack(0x000000116b700000,0x000000116b800000) (1024K)]
  0x000001a7f3d15820 JavaThread "Unconstrained build operations Thread 119"        [_thread_blocked, id=6364, stack(0x000000116b800000,0x000000116b900000) (1024K)]
  0x000001a7f2b34070 JavaThread "Unconstrained build operations Thread 120"        [_thread_blocked, id=5584, stack(0x000000116b900000,0x000000116ba00000) (1024K)]
Total: 174

Other Threads:
  0x000001a7d7a0e4c0 VMThread "VM Thread"                           [id=1688, stack(0x0000001160500000,0x0000001160600000) (1024K)]
  0x000001a7d7a05220 WatcherThread "VM Periodic Task Thread"        [id=17768, stack(0x0000001160400000,0x0000001160500000) (1024K)]
  0x000001a7bc49b430 WorkerThread "GC Thread#0"                     [id=19436, stack(0x000000115ff00000,0x0000001160000000) (1024K)]
  0x000001a7f1e08870 WorkerThread "GC Thread#1"                     [id=18944, stack(0x0000001161100000,0x0000001161200000) (1024K)]
  0x000001a7f1e09030 WorkerThread "GC Thread#2"                     [id=5372, stack(0x0000001161200000,0x0000001161300000) (1024K)]
  0x000001a7f1e093e0 WorkerThread "GC Thread#3"                     [id=7988, stack(0x0000001161300000,0x0000001161400000) (1024K)]
  0x000001a7f1c9a9e0 WorkerThread "GC Thread#4"                     [id=17180, stack(0x0000001161400000,0x0000001161500000) (1024K)]
  0x000001a7f1c9ad90 WorkerThread "GC Thread#5"                     [id=7684, stack(0x0000001161500000,0x0000001161600000) (1024K)]
  0x000001a7f2b62c60 WorkerThread "GC Thread#6"                     [id=8112, stack(0x0000001162200000,0x0000001162300000) (1024K)]
  0x000001a7f2b61da0 WorkerThread "GC Thread#7"                     [id=7688, stack(0x0000001162300000,0x0000001162400000) (1024K)]
  0x000001a7f2b63770 WorkerThread "GC Thread#8"                     [id=12760, stack(0x0000001162400000,0x0000001162500000) (1024K)]
  0x000001a7f2b63010 WorkerThread "GC Thread#9"                     [id=3652, stack(0x0000001162500000,0x0000001162600000) (1024K)]
  0x000001a7bc4a1230 ConcurrentGCThread "G1 Main Marker"            [id=12572, stack(0x0000001160000000,0x0000001160100000) (1024K)]
  0x000001a7bc4a1c70 WorkerThread "G1 Conc#0"                       [id=1780, stack(0x0000001160100000,0x0000001160200000) (1024K)]
  0x000001a7f2b633c0 WorkerThread "G1 Conc#1"                       [id=17680, stack(0x0000001162700000,0x0000001162800000) (1024K)]
  0x000001a7f2b62150 WorkerThread "G1 Conc#2"                       [id=12548, stack(0x0000001162800000,0x0000001162900000) (1024K)]
  0x000001a7d78d85d0 ConcurrentGCThread "G1 Refine#0"               [id=2348, stack(0x0000001160200000,0x0000001160300000) (1024K)]
  0x000001a7d78da210 ConcurrentGCThread "G1 Service"                [id=18908, stack(0x0000001160300000,0x0000001160400000) (1024K)]
Total: 18

Threads with active compile tasks:
C2 CompilerThread0  251635 14338       4       io.spring.gradle.dependencymanagement.org.apache.maven.model.io.xpp3.MavenXpp3Reader::parseModel (1606 bytes)
Total: 1

VM state: not at safepoint (normal execution)

VM Mutex/Monitor currently owned by a thread: None

Heap address: 0x00000000e0000000, size: 512 MB, Compressed Oops mode: 32-bit

CDS archive(s) mapped at: [0x000001a7d8000000-0x000001a7d8d40000-0x000001a7d8d40000), size 13893632, SharedBaseAddress: 0x000001a7d8000000, ArchiveRelocationMode: 1.
Compressed class space mapped at: 0x000001a7d9000000-0x000001a7ed000000, reserved size: 335544320
UseCompressedClassPointers 1, UseCompactObjectHeaders 0
Narrow klass pointer bits 32, Max shift 3
Narrow klass base: 0x000001a7d8000000, Narrow klass shift: 0
Encoding Range: [0x000001a7d8000000 - 0x000001a8d8000000), (4294967296 bytes)
Klass Range:    [0x000001a7d8000000 - 0x000001a7ed000000), (352321536 bytes)
Klass ID Range:  [8 - 352321529) (352321521)

GC Precious Log:
 CardTable entry size: 512
 Card Set container configuration: InlinePtr #cards 5 size 8 Array Of Cards #cards 10 size 36 Howl #buckets 4 coarsen threshold 1843 Howl Bitmap #cards 512 size 80 coarsen threshold 460 Card regions per heap region 1 cards per card region 2048
 CPUs: 12 total, 12 available
 Memory: 7913M
 Large Page Support: Disabled
 NUMA Support: Disabled
 Compressed Oops: Enabled (32-bit)
 Heap Region Size: 1M
 Heap Min Capacity: 256M
 Heap Initial Capacity: 256M
 Heap Max Capacity: 512M
 Pre-touch: Disabled
 Parallel Workers: 10
 Concurrent Workers: 3
 Concurrent Refinement Workers: 10
 Periodic GC: Disabled

Heap:
 garbage-first heap   total reserved 524288K, committed 262144K, used 120945K [0x00000000e0000000, 0x0000000100000000)
  region size 1024K, 50 young (51200K), 6 survivors (6144K)
 Metaspace       used 68486K, committed 70720K, reserved 393216K
  class space    used 7853K, committed 8896K, reserved 327680K

Heap Regions: E=young(eden), S=young(survivor), O=old, HS=humongous(starts), HC=humongous(continues), CS=collection set, F=free, TAMS=top-at-mark-start, PB=parsable bottom
|   0|0x00000000e0000000, 0x00000000e0100000, 0x00000000e0100000|100%|HS|  |TAMS 0x00000000e0000000| PB 0x00000000e0000000| Complete |  0
|   1|0x00000000e0100000, 0x00000000e0200000, 0x00000000e0200000|100%|HC|  |TAMS 0x00000000e0100000| PB 0x00000000e0100000| Complete |  0
|   2|0x00000000e0200000, 0x00000000e0300000, 0x00000000e0300000|100%|HC|  |TAMS 0x00000000e0200000| PB 0x00000000e0200000| Complete |  0
|   3|0x00000000e0300000, 0x00000000e0400000, 0x00000000e0400000|100%| O|  |TAMS 0x00000000e0300000| PB 0x00000000e0300000| Untracked |  0
|   4|0x00000000e0400000, 0x00000000e0500000, 0x00000000e0500000|100%| O|  |TAMS 0x00000000e0400000| PB 0x00000000e0400000| Untracked |  0
|   5|0x00000000e0500000, 0x00000000e0600000, 0x00000000e0600000|100%|HS|  |TAMS 0x00000000e0500000| PB 0x00000000e0500000| Complete |  0
|   6|0x00000000e0600000, 0x00000000e0700000, 0x00000000e0700000|100%| O|  |TAMS 0x00000000e0600000| PB 0x00000000e0600000| Untracked |  0
|   7|0x00000000e0700000, 0x00000000e0800000, 0x00000000e0800000|100%| O|  |TAMS 0x00000000e0700000| PB 0x00000000e0700000| Untracked |  0
|   8|0x00000000e0800000, 0x00000000e0900000, 0x00000000e0900000|100%| O|  |TAMS 0x00000000e0800000| PB 0x00000000e0800000| Untracked |  0
|   9|0x00000000e0900000, 0x00000000e0a00000, 0x00000000e0a00000|100%| O|  |TAMS 0x00000000e0900000| PB 0x00000000e0900000| Untracked |  0
|  10|0x00000000e0a00000, 0x00000000e0b00000, 0x00000000e0b00000|100%| O|  |TAMS 0x00000000e0a00000| PB 0x00000000e0a00000| Untracked |  0
|  11|0x00000000e0b00000, 0x00000000e0c00000, 0x00000000e0c00000|100%| O|  |TAMS 0x00000000e0b00000| PB 0x00000000e0b00000| Untracked |  0
|  12|0x00000000e0c00000, 0x00000000e0d00000, 0x00000000e0d00000|100%| O|  |TAMS 0x00000000e0c00000| PB 0x00000000e0c00000| Untracked |  0
|  13|0x00000000e0d00000, 0x00000000e0e00000, 0x00000000e0e00000|100%| O|  |TAMS 0x00000000e0d00000| PB 0x00000000e0d00000| Untracked |  0
|  14|0x00000000e0e00000, 0x00000000e0f00000, 0x00000000e0f00000|100%| O|  |TAMS 0x00000000e0e00000| PB 0x00000000e0e00000| Untracked |  0
|  15|0x00000000e0f00000, 0x00000000e1000000, 0x00000000e1000000|100%| O|  |TAMS 0x00000000e0f00000| PB 0x00000000e0f00000| Untracked |  0
|  16|0x00000000e1000000, 0x00000000e1100000, 0x00000000e1100000|100%| O|  |TAMS 0x00000000e1000000| PB 0x00000000e1000000| Untracked |  0
|  17|0x00000000e1100000, 0x00000000e1200000, 0x00000000e1200000|100%| O|  |TAMS 0x00000000e1100000| PB 0x00000000e1100000| Untracked |  0
|  18|0x00000000e1200000, 0x00000000e1300000, 0x00000000e1300000|100%| O|  |TAMS 0x00000000e1200000| PB 0x00000000e1200000| Untracked |  0
|  19|0x00000000e1300000, 0x00000000e1400000, 0x00000000e1400000|100%| O|  |TAMS 0x00000000e1300000| PB 0x00000000e1300000| Untracked |  0
|  20|0x00000000e1400000, 0x00000000e1500000, 0x00000000e1500000|100%| O|  |TAMS 0x00000000e1400000| PB 0x00000000e1400000| Untracked |  0
|  21|0x00000000e1500000, 0x00000000e1600000, 0x00000000e1600000|100%| O|  |TAMS 0x00000000e1500000| PB 0x00000000e1500000| Untracked |  0
|  22|0x00000000e1600000, 0x00000000e1700000, 0x00000000e1700000|100%| O|  |TAMS 0x00000000e1600000| PB 0x00000000e1600000| Untracked |  0
|  23|0x00000000e1700000, 0x00000000e1800000, 0x00000000e1800000|100%| O|  |TAMS 0x00000000e1700000| PB 0x00000000e1700000| Untracked |  0
|  24|0x00000000e1800000, 0x00000000e1900000, 0x00000000e1900000|100%| O|  |TAMS 0x00000000e1800000| PB 0x00000000e1800000| Untracked |  0
|  25|0x00000000e1900000, 0x00000000e1a00000, 0x00000000e1a00000|100%| O|  |TAMS 0x00000000e1900000| PB 0x00000000e1900000| Untracked |  0
|  26|0x00000000e1a00000, 0x00000000e1b00000, 0x00000000e1b00000|100%| O|  |TAMS 0x00000000e1a00000| PB 0x00000000e1a00000| Untracked |  0
|  27|0x00000000e1b00000, 0x00000000e1c00000, 0x00000000e1c00000|100%| O|  |TAMS 0x00000000e1b00000| PB 0x00000000e1b00000| Untracked |  0
|  28|0x00000000e1c00000, 0x00000000e1d00000, 0x00000000e1d00000|100%| O|  |TAMS 0x00000000e1c00000| PB 0x00000000e1c00000| Untracked |  0
|  29|0x00000000e1d00000, 0x00000000e1e00000, 0x00000000e1e00000|100%| O|  |TAMS 0x00000000e1d00000| PB 0x00000000e1d00000| Untracked |  0
|  30|0x00000000e1e00000, 0x00000000e1f00000, 0x00000000e1f00000|100%| O|  |TAMS 0x00000000e1e00000| PB 0x00000000e1e00000| Untracked |  0
|  31|0x00000000e1f00000, 0x00000000e2000000, 0x00000000e2000000|100%| O|  |TAMS 0x00000000e1f00000| PB 0x00000000e1f00000| Untracked |  0
|  32|0x00000000e2000000, 0x00000000e2100000, 0x00000000e2100000|100%| O|  |TAMS 0x00000000e2000000| PB 0x00000000e2000000| Untracked |  0
|  33|0x00000000e2100000, 0x00000000e2200000, 0x00000000e2200000|100%| O|  |TAMS 0x00000000e2100000| PB 0x00000000e2100000| Untracked |  0
|  34|0x00000000e2200000, 0x00000000e2300000, 0x00000000e2300000|100%| O|  |TAMS 0x00000000e2200000| PB 0x00000000e2200000| Untracked |  0
|  35|0x00000000e2300000, 0x00000000e2400000, 0x00000000e2400000|100%| O|  |TAMS 0x00000000e2300000| PB 0x00000000e2300000| Untracked |  0
|  36|0x00000000e2400000, 0x00000000e2500000, 0x00000000e2500000|100%| O|  |TAMS 0x00000000e2400000| PB 0x00000000e2400000| Untracked |  0
|  37|0x00000000e2500000, 0x00000000e2600000, 0x00000000e2600000|100%| O|  |TAMS 0x00000000e2500000| PB 0x00000000e2500000| Untracked |  0
|  38|0x00000000e2600000, 0x00000000e2700000, 0x00000000e2700000|100%| O|  |TAMS 0x00000000e2600000| PB 0x00000000e2600000| Untracked |  0
|  39|0x00000000e2700000, 0x00000000e2800000, 0x00000000e2800000|100%| O|  |TAMS 0x00000000e2700000| PB 0x00000000e2700000| Untracked |  0
|  40|0x00000000e2800000, 0x00000000e2900000, 0x00000000e2900000|100%| O|  |TAMS 0x00000000e2800000| PB 0x00000000e2800000| Untracked |  0
|  41|0x00000000e2900000, 0x00000000e2a00000, 0x00000000e2a00000|100%| O|  |TAMS 0x00000000e2900000| PB 0x00000000e2900000| Untracked |  0
|  42|0x00000000e2a00000, 0x00000000e2b00000, 0x00000000e2b00000|100%| O|  |TAMS 0x00000000e2a00000| PB 0x00000000e2a00000| Untracked |  0
|  43|0x00000000e2b00000, 0x00000000e2c00000, 0x00000000e2c00000|100%| O|  |TAMS 0x00000000e2b00000| PB 0x00000000e2b00000| Untracked |  0
|  44|0x00000000e2c00000, 0x00000000e2d00000, 0x00000000e2d00000|100%| O|  |TAMS 0x00000000e2c00000| PB 0x00000000e2c00000| Untracked |  0
|  45|0x00000000e2d00000, 0x00000000e2e00000, 0x00000000e2e00000|100%| O|  |TAMS 0x00000000e2d00000| PB 0x00000000e2d00000| Untracked |  0
|  46|0x00000000e2e00000, 0x00000000e2f00000, 0x00000000e2f00000|100%| O|  |TAMS 0x00000000e2e00000| PB 0x00000000e2e00000| Untracked |  0
|  47|0x00000000e2f00000, 0x00000000e3000000, 0x00000000e3000000|100%| O|  |TAMS 0x00000000e2f00000| PB 0x00000000e2f00000| Untracked |  0
|  48|0x00000000e3000000, 0x00000000e3100000, 0x00000000e3100000|100%| O|  |TAMS 0x00000000e3000000| PB 0x00000000e3000000| Untracked |  0
|  49|0x00000000e3100000, 0x00000000e3200000, 0x00000000e3200000|100%| O|  |TAMS 0x00000000e3100000| PB 0x00000000e3100000| Untracked |  0
|  50|0x00000000e3200000, 0x00000000e3300000, 0x00000000e3300000|100%| O|  |TAMS 0x00000000e3200000| PB 0x00000000e3200000| Untracked |  0
|  51|0x00000000e3300000, 0x00000000e3400000, 0x00000000e3400000|100%| O|  |TAMS 0x00000000e3300000| PB 0x00000000e3300000| Untracked |  0
|  52|0x00000000e3400000, 0x00000000e3500000, 0x00000000e3500000|100%| O|Cm|TAMS 0x00000000e3400000| PB 0x00000000e3400000| Complete |  0
|  53|0x00000000e3500000, 0x00000000e3600000, 0x00000000e3600000|100%| O|Cm|TAMS 0x00000000e3500000| PB 0x00000000e3500000| Complete |  0
|  54|0x00000000e3600000, 0x00000000e3700000, 0x00000000e3700000|100%| O|Cm|TAMS 0x00000000e3600000| PB 0x00000000e3600000| Complete |  0
|  55|0x00000000e3700000, 0x00000000e3800000, 0x00000000e3800000|100%| O|  |TAMS 0x00000000e3700000| PB 0x00000000e3700000| Untracked |  0
|  56|0x00000000e3800000, 0x00000000e3900000, 0x00000000e3900000|100%| O|Cm|TAMS 0x00000000e3800000| PB 0x00000000e3800000| Complete |  0
|  57|0x00000000e3900000, 0x00000000e3a00000, 0x00000000e3a00000|100%| O|  |TAMS 0x00000000e3900000| PB 0x00000000e3900000| Untracked |  0
|  58|0x00000000e3a00000, 0x00000000e3b00000, 0x00000000e3b00000|100%| O|  |TAMS 0x00000000e3a00000| PB 0x00000000e3a00000| Untracked |  0
|  59|0x00000000e3b00000, 0x00000000e3c00000, 0x00000000e3c00000|100%| O|  |TAMS 0x00000000e3b00000| PB 0x00000000e3b00000| Untracked |  0
|  60|0x00000000e3c00000, 0x00000000e3d00000, 0x00000000e3d00000|100%| O|  |TAMS 0x00000000e3c00000| PB 0x00000000e3c00000| Untracked |  0
|  61|0x00000000e3d00000, 0x00000000e3e00000, 0x00000000e3e00000|100%| O|  |TAMS 0x00000000e3d00000| PB 0x00000000e3d00000| Untracked |  0
|  62|0x00000000e3e00000, 0x00000000e3f00000, 0x00000000e3f00000|100%| O|  |TAMS 0x00000000e3e00000| PB 0x00000000e3e00000| Untracked |  0
|  63|0x00000000e3f00000, 0x00000000e4000000, 0x00000000e4000000|100%| O|  |TAMS 0x00000000e3f00000| PB 0x00000000e3f00000| Untracked |  0
|  64|0x00000000e4000000, 0x00000000e4100000, 0x00000000e4100000|100%| O|  |TAMS 0x00000000e4000000| PB 0x00000000e4000000| Untracked |  0
|  65|0x00000000e4100000, 0x00000000e4200000, 0x00000000e4200000|100%| O|  |TAMS 0x00000000e4100000| PB 0x00000000e4100000| Untracked |  0
|  66|0x00000000e4200000, 0x00000000e4300000, 0x00000000e4300000|100%| O|  |TAMS 0x00000000e4200000| PB 0x00000000e4200000| Untracked |  0
|  67|0x00000000e4300000, 0x00000000e4400000, 0x00000000e4400000|100%| O|  |TAMS 0x00000000e4300000| PB 0x00000000e4300000| Untracked |  0
|  68|0x00000000e4400000, 0x00000000e446a430, 0x00000000e4500000| 41%| O|  |TAMS 0x00000000e4400000| PB 0x00000000e4400000| Untracked |  0
|  69|0x00000000e4500000, 0x00000000e4500000, 0x00000000e4600000|  0%| F|  |TAMS 0x00000000e4500000| PB 0x00000000e4500000| Untracked |  0
|  70|0x00000000e4600000, 0x00000000e4600000, 0x00000000e4700000|  0%| F|  |TAMS 0x00000000e4600000| PB 0x00000000e4600000| Untracked |  0
|  71|0x00000000e4700000, 0x00000000e4700000, 0x00000000e4800000|  0%| F|  |TAMS 0x00000000e4700000| PB 0x00000000e4700000| Untracked |  0
|  72|0x00000000e4800000, 0x00000000e4800000, 0x00000000e4900000|  0%| F|  |TAMS 0x00000000e4800000| PB 0x00000000e4800000| Untracked |  0
|  73|0x00000000e4900000, 0x00000000e4900000, 0x00000000e4a00000|  0%| F|  |TAMS 0x00000000e4900000| PB 0x00000000e4900000| Untracked |  0
|  74|0x00000000e4a00000, 0x00000000e4a00000, 0x00000000e4b00000|  0%| F|  |TAMS 0x00000000e4a00000| PB 0x00000000e4a00000| Untracked |  0
|  75|0x00000000e4b00000, 0x00000000e4b00000, 0x00000000e4c00000|  0%| F|  |TAMS 0x00000000e4b00000| PB 0x00000000e4b00000| Untracked |  0
|  76|0x00000000e4c00000, 0x00000000e4c00000, 0x00000000e4d00000|  0%| F|  |TAMS 0x00000000e4c00000| PB 0x00000000e4c00000| Untracked |  0
|  77|0x00000000e4d00000, 0x00000000e4d00000, 0x00000000e4e00000|  0%| F|  |TAMS 0x00000000e4d00000| PB 0x00000000e4d00000| Untracked |  0
|  78|0x00000000e4e00000, 0x00000000e4e00000, 0x00000000e4f00000|  0%| F|  |TAMS 0x00000000e4e00000| PB 0x00000000e4e00000| Untracked |  0
|  79|0x00000000e4f00000, 0x00000000e4f00000, 0x00000000e5000000|  0%| F|  |TAMS 0x00000000e4f00000| PB 0x00000000e4f00000| Untracked |  0
|  80|0x00000000e5000000, 0x00000000e5000000, 0x00000000e5100000|  0%| F|  |TAMS 0x00000000e5000000| PB 0x00000000e5000000| Untracked |  0
|  81|0x00000000e5100000, 0x00000000e5100000, 0x00000000e5200000|  0%| F|  |TAMS 0x00000000e5100000| PB 0x00000000e5100000| Untracked |  0
|  82|0x00000000e5200000, 0x00000000e5200000, 0x00000000e5300000|  0%| F|  |TAMS 0x00000000e5200000| PB 0x00000000e5200000| Untracked |  0
|  83|0x00000000e5300000, 0x00000000e5300000, 0x00000000e5400000|  0%| F|  |TAMS 0x00000000e5300000| PB 0x00000000e5300000| Untracked |  0
|  84|0x00000000e5400000, 0x00000000e5400000, 0x00000000e5500000|  0%| F|  |TAMS 0x00000000e5400000| PB 0x00000000e5400000| Untracked |  0
|  85|0x00000000e5500000, 0x00000000e5500000, 0x00000000e5600000|  0%| F|  |TAMS 0x00000000e5500000| PB 0x00000000e5500000| Untracked |  0
|  86|0x00000000e5600000, 0x00000000e5600000, 0x00000000e5700000|  0%| F|  |TAMS 0x00000000e5600000| PB 0x00000000e5600000| Untracked |  0
|  87|0x00000000e5700000, 0x00000000e5700000, 0x00000000e5800000|  0%| F|  |TAMS 0x00000000e5700000| PB 0x00000000e5700000| Untracked |  0
|  88|0x00000000e5800000, 0x00000000e5800000, 0x00000000e5900000|  0%| F|  |TAMS 0x00000000e5800000| PB 0x00000000e5800000| Untracked |  0
|  89|0x00000000e5900000, 0x00000000e5900000, 0x00000000e5a00000|  0%| F|  |TAMS 0x00000000e5900000| PB 0x00000000e5900000| Untracked |  0
|  90|0x00000000e5a00000, 0x00000000e5a00000, 0x00000000e5b00000|  0%| F|  |TAMS 0x00000000e5a00000| PB 0x00000000e5a00000| Untracked |  0
|  91|0x00000000e5b00000, 0x00000000e5b00000, 0x00000000e5c00000|  0%| F|  |TAMS 0x00000000e5b00000| PB 0x00000000e5b00000| Untracked |  0
|  92|0x00000000e5c00000, 0x00000000e5c00000, 0x00000000e5d00000|  0%| F|  |TAMS 0x00000000e5c00000| PB 0x00000000e5c00000| Untracked |  0
|  93|0x00000000e5d00000, 0x00000000e5d00000, 0x00000000e5e00000|  0%| F|  |TAMS 0x00000000e5d00000| PB 0x00000000e5d00000| Untracked |  0
|  94|0x00000000e5e00000, 0x00000000e5e00000, 0x00000000e5f00000|  0%| F|  |TAMS 0x00000000e5e00000| PB 0x00000000e5e00000| Untracked |  0
|  95|0x00000000e5f00000, 0x00000000e5f00000, 0x00000000e6000000|  0%| F|  |TAMS 0x00000000e5f00000| PB 0x00000000e5f00000| Untracked |  0
|  96|0x00000000e6000000, 0x00000000e6000000, 0x00000000e6100000|  0%| F|  |TAMS 0x00000000e6000000| PB 0x00000000e6000000| Untracked |  0
|  97|0x00000000e6100000, 0x00000000e6100000, 0x00000000e6200000|  0%| F|  |TAMS 0x00000000e6100000| PB 0x00000000e6100000| Untracked |  0
|  98|0x00000000e6200000, 0x00000000e6200000, 0x00000000e6300000|  0%| F|  |TAMS 0x00000000e6200000| PB 0x00000000e6200000| Untracked |  0
|  99|0x00000000e6300000, 0x00000000e6300000, 0x00000000e6400000|  0%| F|  |TAMS 0x00000000e6300000| PB 0x00000000e6300000| Untracked |  0
| 100|0x00000000e6400000, 0x00000000e64b23b8, 0x00000000e6500000| 69%| S|CS|TAMS 0x00000000e6400000| PB 0x00000000e6400000| Complete |  0
| 101|0x00000000e6500000, 0x00000000e6600000, 0x00000000e6600000|100%| S|CS|TAMS 0x00000000e6500000| PB 0x00000000e6500000| Complete |  0
| 102|0x00000000e6600000, 0x00000000e6700000, 0x00000000e6700000|100%| S|CS|TAMS 0x00000000e6600000| PB 0x00000000e6600000| Complete |  0
| 103|0x00000000e6700000, 0x00000000e6800000, 0x00000000e6800000|100%| S|CS|TAMS 0x00000000e6700000| PB 0x00000000e6700000| Complete |  0
| 104|0x00000000e6800000, 0x00000000e6900000, 0x00000000e6900000|100%| S|CS|TAMS 0x00000000e6800000| PB 0x00000000e6800000| Complete |  0
| 105|0x00000000e6900000, 0x00000000e6a00000, 0x00000000e6a00000|100%| S|CS|TAMS 0x00000000e6900000| PB 0x00000000e6900000| Complete |  0
| 106|0x00000000e6a00000, 0x00000000e6a00000, 0x00000000e6b00000|  0%| F|  |TAMS 0x00000000e6a00000| PB 0x00000000e6a00000| Untracked |  0
| 107|0x00000000e6b00000, 0x00000000e6b00000, 0x00000000e6c00000|  0%| F|  |TAMS 0x00000000e6b00000| PB 0x00000000e6b00000| Untracked |  0
| 108|0x00000000e6c00000, 0x00000000e6c00000, 0x00000000e6d00000|  0%| F|  |TAMS 0x00000000e6c00000| PB 0x00000000e6c00000| Untracked |  0
| 109|0x00000000e6d00000, 0x00000000e6d00000, 0x00000000e6e00000|  0%| F|  |TAMS 0x00000000e6d00000| PB 0x00000000e6d00000| Untracked |  0
| 110|0x00000000e6e00000, 0x00000000e6e00000, 0x00000000e6f00000|  0%| F|  |TAMS 0x00000000e6e00000| PB 0x00000000e6e00000| Untracked |  0
| 111|0x00000000e6f00000, 0x00000000e6f00000, 0x00000000e7000000|  0%| F|  |TAMS 0x00000000e6f00000| PB 0x00000000e6f00000| Untracked |  0
| 112|0x00000000e7000000, 0x00000000e7000000, 0x00000000e7100000|  0%| F|  |TAMS 0x00000000e7000000| PB 0x00000000e7000000| Untracked |  0
| 113|0x00000000e7100000, 0x00000000e7100000, 0x00000000e7200000|  0%| F|  |TAMS 0x00000000e7100000| PB 0x00000000e7100000| Untracked |  0
| 114|0x00000000e7200000, 0x00000000e7200000, 0x00000000e7300000|  0%| F|  |TAMS 0x00000000e7200000| PB 0x00000000e7200000| Untracked |  0
| 115|0x00000000e7300000, 0x00000000e7300000, 0x00000000e7400000|  0%| F|  |TAMS 0x00000000e7300000| PB 0x00000000e7300000| Untracked |  0
| 116|0x00000000e7400000, 0x00000000e7400000, 0x00000000e7500000|  0%| F|  |TAMS 0x00000000e7400000| PB 0x00000000e7400000| Untracked |  0
| 117|0x00000000e7500000, 0x00000000e7500000, 0x00000000e7600000|  0%| F|  |TAMS 0x00000000e7500000| PB 0x00000000e7500000| Untracked |  0
| 118|0x00000000e7600000, 0x00000000e7600000, 0x00000000e7700000|  0%| F|  |TAMS 0x00000000e7600000| PB 0x00000000e7600000| Untracked |  0
| 119|0x00000000e7700000, 0x00000000e7700000, 0x00000000e7800000|  0%| F|  |TAMS 0x00000000e7700000| PB 0x00000000e7700000| Untracked |  0
| 120|0x00000000e7800000, 0x00000000e7800000, 0x00000000e7900000|  0%| F|  |TAMS 0x00000000e7800000| PB 0x00000000e7800000| Untracked |  0
| 121|0x00000000e7900000, 0x00000000e7900000, 0x00000000e7a00000|  0%| F|  |TAMS 0x00000000e7900000| PB 0x00000000e7900000| Untracked |  0
| 122|0x00000000e7a00000, 0x00000000e7a00000, 0x00000000e7b00000|  0%| F|  |TAMS 0x00000000e7a00000| PB 0x00000000e7a00000| Untracked |  0
| 123|0x00000000e7b00000, 0x00000000e7b00000, 0x00000000e7c00000|  0%| F|  |TAMS 0x00000000e7b00000| PB 0x00000000e7b00000| Untracked |  0
| 124|0x00000000e7c00000, 0x00000000e7c00000, 0x00000000e7d00000|  0%| F|  |TAMS 0x00000000e7c00000| PB 0x00000000e7c00000| Untracked |  0
| 125|0x00000000e7d00000, 0x00000000e7d00000, 0x00000000e7e00000|  0%| F|  |TAMS 0x00000000e7d00000| PB 0x00000000e7d00000| Untracked |  0
| 126|0x00000000e7e00000, 0x00000000e7e00000, 0x00000000e7f00000|  0%| F|  |TAMS 0x00000000e7e00000| PB 0x00000000e7e00000| Untracked |  0
| 127|0x00000000e7f00000, 0x00000000e7f00000, 0x00000000e8000000|  0%| F|  |TAMS 0x00000000e7f00000| PB 0x00000000e7f00000| Untracked |  0
| 128|0x00000000e8000000, 0x00000000e8000000, 0x00000000e8100000|  0%| F|  |TAMS 0x00000000e8000000| PB 0x00000000e8000000| Untracked |  0
| 129|0x00000000e8100000, 0x00000000e8100000, 0x00000000e8200000|  0%| F|  |TAMS 0x00000000e8100000| PB 0x00000000e8100000| Untracked |  0
| 130|0x00000000e8200000, 0x00000000e8200000, 0x00000000e8300000|  0%| F|  |TAMS 0x00000000e8200000| PB 0x00000000e8200000| Untracked |  0
| 131|0x00000000e8300000, 0x00000000e8300000, 0x00000000e8400000|  0%| F|  |TAMS 0x00000000e8300000| PB 0x00000000e8300000| Untracked |  0
| 132|0x00000000e8400000, 0x00000000e8400000, 0x00000000e8500000|  0%| F|  |TAMS 0x00000000e8400000| PB 0x00000000e8400000| Untracked |  0
| 133|0x00000000e8500000, 0x00000000e8500000, 0x00000000e8600000|  0%| F|  |TAMS 0x00000000e8500000| PB 0x00000000e8500000| Untracked |  0
| 134|0x00000000e8600000, 0x00000000e8600000, 0x00000000e8700000|  0%| F|  |TAMS 0x00000000e8600000| PB 0x00000000e8600000| Untracked |  0
| 135|0x00000000e8700000, 0x00000000e8700000, 0x00000000e8800000|  0%| F|  |TAMS 0x00000000e8700000| PB 0x00000000e8700000| Untracked |  0
| 136|0x00000000e8800000, 0x00000000e8800000, 0x00000000e8900000|  0%| F|  |TAMS 0x00000000e8800000| PB 0x00000000e8800000| Untracked |  0
| 137|0x00000000e8900000, 0x00000000e8900000, 0x00000000e8a00000|  0%| F|  |TAMS 0x00000000e8900000| PB 0x00000000e8900000| Untracked |  0
| 138|0x00000000e8a00000, 0x00000000e8a00000, 0x00000000e8b00000|  0%| F|  |TAMS 0x00000000e8a00000| PB 0x00000000e8a00000| Untracked |  0
| 139|0x00000000e8b00000, 0x00000000e8b00000, 0x00000000e8c00000|  0%| F|  |TAMS 0x00000000e8b00000| PB 0x00000000e8b00000| Untracked |  0
| 140|0x00000000e8c00000, 0x00000000e8c00000, 0x00000000e8d00000|  0%| F|  |TAMS 0x00000000e8c00000| PB 0x00000000e8c00000| Untracked |  0
| 141|0x00000000e8d00000, 0x00000000e8d00000, 0x00000000e8e00000|  0%| F|  |TAMS 0x00000000e8d00000| PB 0x00000000e8d00000| Untracked |  0
| 142|0x00000000e8e00000, 0x00000000e8e00000, 0x00000000e8f00000|  0%| F|  |TAMS 0x00000000e8e00000| PB 0x00000000e8e00000| Untracked |  0
| 143|0x00000000e8f00000, 0x00000000e8f00000, 0x00000000e9000000|  0%| F|  |TAMS 0x00000000e8f00000| PB 0x00000000e8f00000| Untracked |  0
| 144|0x00000000e9000000, 0x00000000e9000000, 0x00000000e9100000|  0%| F|  |TAMS 0x00000000e9000000| PB 0x00000000e9000000| Untracked |  0
| 145|0x00000000e9100000, 0x00000000e9100000, 0x00000000e9200000|  0%| F|  |TAMS 0x00000000e9100000| PB 0x00000000e9100000| Untracked |  0
| 146|0x00000000e9200000, 0x00000000e9200000, 0x00000000e9300000|  0%| F|  |TAMS 0x00000000e9200000| PB 0x00000000e9200000| Untracked |  0
| 147|0x00000000e9300000, 0x00000000e9300000, 0x00000000e9400000|  0%| F|  |TAMS 0x00000000e9300000| PB 0x00000000e9300000| Untracked |  0
| 148|0x00000000e9400000, 0x00000000e9400000, 0x00000000e9500000|  0%| F|  |TAMS 0x00000000e9400000| PB 0x00000000e9400000| Untracked |  0
| 149|0x00000000e9500000, 0x00000000e9500000, 0x00000000e9600000|  0%| F|  |TAMS 0x00000000e9500000| PB 0x00000000e9500000| Untracked |  0
| 150|0x00000000e9600000, 0x00000000e9600000, 0x00000000e9700000|  0%| F|  |TAMS 0x00000000e9600000| PB 0x00000000e9600000| Untracked |  0
| 151|0x00000000e9700000, 0x00000000e9700000, 0x00000000e9800000|  0%| F|  |TAMS 0x00000000e9700000| PB 0x00000000e9700000| Untracked |  0
| 152|0x00000000e9800000, 0x00000000e9800000, 0x00000000e9900000|  0%| F|  |TAMS 0x00000000e9800000| PB 0x00000000e9800000| Untracked |  0
| 153|0x00000000e9900000, 0x00000000e9900000, 0x00000000e9a00000|  0%| F|  |TAMS 0x00000000e9900000| PB 0x00000000e9900000| Untracked |  0
| 154|0x00000000e9a00000, 0x00000000e9a00000, 0x00000000e9b00000|  0%| F|  |TAMS 0x00000000e9a00000| PB 0x00000000e9a00000| Untracked |  0
| 155|0x00000000e9b00000, 0x00000000e9b00000, 0x00000000e9c00000|  0%| F|  |TAMS 0x00000000e9b00000| PB 0x00000000e9b00000| Untracked |  0
| 156|0x00000000e9c00000, 0x00000000e9c00000, 0x00000000e9d00000|  0%| F|  |TAMS 0x00000000e9c00000| PB 0x00000000e9c00000| Untracked |  0
| 157|0x00000000e9d00000, 0x00000000e9d00000, 0x00000000e9e00000|  0%| F|  |TAMS 0x00000000e9d00000| PB 0x00000000e9d00000| Untracked |  0
| 158|0x00000000e9e00000, 0x00000000e9e00000, 0x00000000e9f00000|  0%| F|  |TAMS 0x00000000e9e00000| PB 0x00000000e9e00000| Untracked |  0
| 159|0x00000000e9f00000, 0x00000000e9f00000, 0x00000000ea000000|  0%| F|  |TAMS 0x00000000e9f00000| PB 0x00000000e9f00000| Untracked |  0
| 160|0x00000000ea000000, 0x00000000ea000000, 0x00000000ea100000|  0%| F|  |TAMS 0x00000000ea000000| PB 0x00000000ea000000| Untracked |  0
| 161|0x00000000ea100000, 0x00000000ea100000, 0x00000000ea200000|  0%| F|  |TAMS 0x00000000ea100000| PB 0x00000000ea100000| Untracked |  0
| 162|0x00000000ea200000, 0x00000000ea200000, 0x00000000ea300000|  0%| F|  |TAMS 0x00000000ea200000| PB 0x00000000ea200000| Untracked |  0
| 163|0x00000000ea300000, 0x00000000ea300000, 0x00000000ea400000|  0%| F|  |TAMS 0x00000000ea300000| PB 0x00000000ea300000| Untracked |  0
| 164|0x00000000ea400000, 0x00000000ea400000, 0x00000000ea500000|  0%| F|  |TAMS 0x00000000ea400000| PB 0x00000000ea400000| Untracked |  0
| 165|0x00000000ea500000, 0x00000000ea500000, 0x00000000ea600000|  0%| F|  |TAMS 0x00000000ea500000| PB 0x00000000ea500000| Untracked |  0
| 166|0x00000000ea600000, 0x00000000ea600000, 0x00000000ea700000|  0%| F|  |TAMS 0x00000000ea600000| PB 0x00000000ea600000| Untracked |  0
| 167|0x00000000ea700000, 0x00000000ea700000, 0x00000000ea800000|  0%| F|  |TAMS 0x00000000ea700000| PB 0x00000000ea700000| Untracked |  0
| 168|0x00000000ea800000, 0x00000000ea800000, 0x00000000ea900000|  0%| F|  |TAMS 0x00000000ea800000| PB 0x00000000ea800000| Untracked |  0
| 169|0x00000000ea900000, 0x00000000ea900000, 0x00000000eaa00000|  0%| F|  |TAMS 0x00000000ea900000| PB 0x00000000ea900000| Untracked |  0
| 170|0x00000000eaa00000, 0x00000000eaa00000, 0x00000000eab00000|  0%| F|  |TAMS 0x00000000eaa00000| PB 0x00000000eaa00000| Untracked |  0
| 171|0x00000000eab00000, 0x00000000eab00000, 0x00000000eac00000|  0%| F|  |TAMS 0x00000000eab00000| PB 0x00000000eab00000| Untracked |  0
| 172|0x00000000eac00000, 0x00000000eac00000, 0x00000000ead00000|  0%| F|  |TAMS 0x00000000eac00000| PB 0x00000000eac00000| Untracked |  0
| 173|0x00000000ead00000, 0x00000000ead00000, 0x00000000eae00000|  0%| F|  |TAMS 0x00000000ead00000| PB 0x00000000ead00000| Untracked |  0
| 174|0x00000000eae00000, 0x00000000eae00000, 0x00000000eaf00000|  0%| F|  |TAMS 0x00000000eae00000| PB 0x00000000eae00000| Untracked |  0
| 175|0x00000000eaf00000, 0x00000000eaf00000, 0x00000000eb000000|  0%| F|  |TAMS 0x00000000eaf00000| PB 0x00000000eaf00000| Untracked |  0
| 176|0x00000000eb000000, 0x00000000eb000000, 0x00000000eb100000|  0%| F|  |TAMS 0x00000000eb000000| PB 0x00000000eb000000| Untracked |  0
| 177|0x00000000eb100000, 0x00000000eb100000, 0x00000000eb200000|  0%| F|  |TAMS 0x00000000eb100000| PB 0x00000000eb100000| Untracked |  0
| 178|0x00000000eb200000, 0x00000000eb200000, 0x00000000eb300000|  0%| F|  |TAMS 0x00000000eb200000| PB 0x00000000eb200000| Untracked |  0
| 179|0x00000000eb300000, 0x00000000eb300000, 0x00000000eb400000|  0%| F|  |TAMS 0x00000000eb300000| PB 0x00000000eb300000| Untracked |  0
| 180|0x00000000eb400000, 0x00000000eb400000, 0x00000000eb500000|  0%| F|  |TAMS 0x00000000eb400000| PB 0x00000000eb400000| Untracked |  0
| 181|0x00000000eb500000, 0x00000000eb500000, 0x00000000eb600000|  0%| F|  |TAMS 0x00000000eb500000| PB 0x00000000eb500000| Untracked |  0
| 182|0x00000000eb600000, 0x00000000eb600000, 0x00000000eb700000|  0%| F|  |TAMS 0x00000000eb600000| PB 0x00000000eb600000| Untracked |  0
| 183|0x00000000eb700000, 0x00000000eb700000, 0x00000000eb800000|  0%| F|  |TAMS 0x00000000eb700000| PB 0x00000000eb700000| Untracked |  0
| 184|0x00000000eb800000, 0x00000000eb800000, 0x00000000eb900000|  0%| F|  |TAMS 0x00000000eb800000| PB 0x00000000eb800000| Untracked |  0
| 185|0x00000000eb900000, 0x00000000eb900000, 0x00000000eba00000|  0%| F|  |TAMS 0x00000000eb900000| PB 0x00000000eb900000| Untracked |  0
| 186|0x00000000eba00000, 0x00000000eba00000, 0x00000000ebb00000|  0%| F|  |TAMS 0x00000000eba00000| PB 0x00000000eba00000| Untracked |  0
| 187|0x00000000ebb00000, 0x00000000ebb00000, 0x00000000ebc00000|  0%| F|  |TAMS 0x00000000ebb00000| PB 0x00000000ebb00000| Untracked |  0
| 188|0x00000000ebc00000, 0x00000000ebc00000, 0x00000000ebd00000|  0%| F|  |TAMS 0x00000000ebc00000| PB 0x00000000ebc00000| Untracked |  0
| 189|0x00000000ebd00000, 0x00000000ebd00000, 0x00000000ebe00000|  0%| F|  |TAMS 0x00000000ebd00000| PB 0x00000000ebd00000| Untracked |  0
| 190|0x00000000ebe00000, 0x00000000ebe00000, 0x00000000ebf00000|  0%| F|  |TAMS 0x00000000ebe00000| PB 0x00000000ebe00000| Untracked |  0
| 191|0x00000000ebf00000, 0x00000000ebf00000, 0x00000000ec000000|  0%| F|  |TAMS 0x00000000ebf00000| PB 0x00000000ebf00000| Untracked |  0
| 192|0x00000000ec000000, 0x00000000ec000000, 0x00000000ec100000|  0%| F|  |TAMS 0x00000000ec000000| PB 0x00000000ec000000| Untracked |  0
| 193|0x00000000ec100000, 0x00000000ec100000, 0x00000000ec200000|  0%| F|  |TAMS 0x00000000ec100000| PB 0x00000000ec100000| Untracked |  0
| 194|0x00000000ec200000, 0x00000000ec200000, 0x00000000ec300000|  0%| F|  |TAMS 0x00000000ec200000| PB 0x00000000ec200000| Untracked |  0
| 195|0x00000000ec300000, 0x00000000ec300000, 0x00000000ec400000|  0%| F|  |TAMS 0x00000000ec300000| PB 0x00000000ec300000| Untracked |  0
| 196|0x00000000ec400000, 0x00000000ec400000, 0x00000000ec500000|  0%| F|  |TAMS 0x00000000ec400000| PB 0x00000000ec400000| Untracked |  0
| 197|0x00000000ec500000, 0x00000000ec500000, 0x00000000ec600000|  0%| F|  |TAMS 0x00000000ec500000| PB 0x00000000ec500000| Untracked |  0
| 198|0x00000000ec600000, 0x00000000ec600000, 0x00000000ec700000|  0%| F|  |TAMS 0x00000000ec600000| PB 0x00000000ec600000| Untracked |  0
| 199|0x00000000ec700000, 0x00000000ec700000, 0x00000000ec800000|  0%| F|  |TAMS 0x00000000ec700000| PB 0x00000000ec700000| Untracked |  0
| 200|0x00000000ec800000, 0x00000000ec800000, 0x00000000ec900000|  0%| F|  |TAMS 0x00000000ec800000| PB 0x00000000ec800000| Untracked |  0
| 201|0x00000000ec900000, 0x00000000ec900000, 0x00000000eca00000|  0%| F|  |TAMS 0x00000000ec900000| PB 0x00000000ec900000| Untracked |  0
| 202|0x00000000eca00000, 0x00000000eca00000, 0x00000000ecb00000|  0%| F|  |TAMS 0x00000000eca00000| PB 0x00000000eca00000| Untracked |  0
| 203|0x00000000ecb00000, 0x00000000ecb00000, 0x00000000ecc00000|  0%| F|  |TAMS 0x00000000ecb00000| PB 0x00000000ecb00000| Untracked |  0
| 204|0x00000000ecc00000, 0x00000000ecc00000, 0x00000000ecd00000|  0%| F|  |TAMS 0x00000000ecc00000| PB 0x00000000ecc00000| Untracked |  0
| 205|0x00000000ecd00000, 0x00000000ecd00000, 0x00000000ece00000|  0%| F|  |TAMS 0x00000000ecd00000| PB 0x00000000ecd00000| Untracked |  0
| 206|0x00000000ece00000, 0x00000000ece00000, 0x00000000ecf00000|  0%| F|  |TAMS 0x00000000ece00000| PB 0x00000000ece00000| Untracked |  0
| 207|0x00000000ecf00000, 0x00000000ecf00000, 0x00000000ed000000|  0%| F|  |TAMS 0x00000000ecf00000| PB 0x00000000ecf00000| Untracked |  0
| 208|0x00000000ed000000, 0x00000000ed000000, 0x00000000ed100000|  0%| F|  |TAMS 0x00000000ed000000| PB 0x00000000ed000000| Untracked |  0
| 209|0x00000000ed100000, 0x00000000ed100000, 0x00000000ed200000|  0%| F|  |TAMS 0x00000000ed100000| PB 0x00000000ed100000| Untracked |  0
| 210|0x00000000ed200000, 0x00000000ed274e38, 0x00000000ed300000| 45%| E|  |TAMS 0x00000000ed200000| PB 0x00000000ed200000| Complete |  0
| 211|0x00000000ed300000, 0x00000000ed400000, 0x00000000ed400000|100%| E|CS|TAMS 0x00000000ed300000| PB 0x00000000ed300000| Complete |  0
| 212|0x00000000ed400000, 0x00000000ed500000, 0x00000000ed500000|100%| E|CS|TAMS 0x00000000ed400000| PB 0x00000000ed400000| Complete |  0
| 213|0x00000000ed500000, 0x00000000ed600000, 0x00000000ed600000|100%| E|CS|TAMS 0x00000000ed500000| PB 0x00000000ed500000| Complete |  0
| 214|0x00000000ed600000, 0x00000000ed700000, 0x00000000ed700000|100%| E|CS|TAMS 0x00000000ed600000| PB 0x00000000ed600000| Complete |  0
| 215|0x00000000ed700000, 0x00000000ed800000, 0x00000000ed800000|100%| E|CS|TAMS 0x00000000ed700000| PB 0x00000000ed700000| Complete |  0
| 216|0x00000000ed800000, 0x00000000ed900000, 0x00000000ed900000|100%| E|CS|TAMS 0x00000000ed800000| PB 0x00000000ed800000| Complete |  0
| 217|0x00000000ed900000, 0x00000000eda00000, 0x00000000eda00000|100%| E|CS|TAMS 0x00000000ed900000| PB 0x00000000ed900000| Complete |  0
| 218|0x00000000eda00000, 0x00000000edb00000, 0x00000000edb00000|100%| E|CS|TAMS 0x00000000eda00000| PB 0x00000000eda00000| Complete |  0
| 219|0x00000000edb00000, 0x00000000edc00000, 0x00000000edc00000|100%| E|CS|TAMS 0x00000000edb00000| PB 0x00000000edb00000| Complete |  0
| 220|0x00000000edc00000, 0x00000000edd00000, 0x00000000edd00000|100%| E|CS|TAMS 0x00000000edc00000| PB 0x00000000edc00000| Complete |  0
| 221|0x00000000edd00000, 0x00000000ede00000, 0x00000000ede00000|100%| E|CS|TAMS 0x00000000edd00000| PB 0x00000000edd00000| Complete |  0
| 222|0x00000000ede00000, 0x00000000edf00000, 0x00000000edf00000|100%| E|CS|TAMS 0x00000000ede00000| PB 0x00000000ede00000| Complete |  0
| 223|0x00000000edf00000, 0x00000000ee000000, 0x00000000ee000000|100%| E|CS|TAMS 0x00000000edf00000| PB 0x00000000edf00000| Complete |  0
| 224|0x00000000ee000000, 0x00000000ee100000, 0x00000000ee100000|100%| E|CS|TAMS 0x00000000ee000000| PB 0x00000000ee000000| Complete |  0
| 225|0x00000000ee100000, 0x00000000ee200000, 0x00000000ee200000|100%| E|CS|TAMS 0x00000000ee100000| PB 0x00000000ee100000| Complete |  0
| 226|0x00000000ee200000, 0x00000000ee300000, 0x00000000ee300000|100%| E|CS|TAMS 0x00000000ee200000| PB 0x00000000ee200000| Complete |  0
| 227|0x00000000ee300000, 0x00000000ee400000, 0x00000000ee400000|100%| E|CS|TAMS 0x00000000ee300000| PB 0x00000000ee300000| Complete |  0
| 228|0x00000000ee400000, 0x00000000ee500000, 0x00000000ee500000|100%| E|CS|TAMS 0x00000000ee400000| PB 0x00000000ee400000| Complete |  0
| 229|0x00000000ee500000, 0x00000000ee600000, 0x00000000ee600000|100%| E|CS|TAMS 0x00000000ee500000| PB 0x00000000ee500000| Complete |  0
| 230|0x00000000ee600000, 0x00000000ee700000, 0x00000000ee700000|100%| E|CS|TAMS 0x00000000ee600000| PB 0x00000000ee600000| Complete |  0
| 231|0x00000000ee700000, 0x00000000ee800000, 0x00000000ee800000|100%| E|CS|TAMS 0x00000000ee700000| PB 0x00000000ee700000| Complete |  0
| 232|0x00000000ee800000, 0x00000000ee900000, 0x00000000ee900000|100%| E|CS|TAMS 0x00000000ee800000| PB 0x00000000ee800000| Complete |  0
| 233|0x00000000ee900000, 0x00000000eea00000, 0x00000000eea00000|100%| E|CS|TAMS 0x00000000ee900000| PB 0x00000000ee900000| Complete |  0
| 234|0x00000000eea00000, 0x00000000eeb00000, 0x00000000eeb00000|100%| E|CS|TAMS 0x00000000eea00000| PB 0x00000000eea00000| Complete |  0
| 235|0x00000000eeb00000, 0x00000000eec00000, 0x00000000eec00000|100%| E|CS|TAMS 0x00000000eeb00000| PB 0x00000000eeb00000| Complete |  0
| 236|0x00000000eec00000, 0x00000000eed00000, 0x00000000eed00000|100%| E|CS|TAMS 0x00000000eec00000| PB 0x00000000eec00000| Complete |  0
| 237|0x00000000eed00000, 0x00000000eee00000, 0x00000000eee00000|100%| E|CS|TAMS 0x00000000eed00000| PB 0x00000000eed00000| Complete |  0
| 238|0x00000000eee00000, 0x00000000eef00000, 0x00000000eef00000|100%| E|CS|TAMS 0x00000000eee00000| PB 0x00000000eee00000| Complete |  0
| 239|0x00000000eef00000, 0x00000000ef000000, 0x00000000ef000000|100%| E|CS|TAMS 0x00000000eef00000| PB 0x00000000eef00000| Complete |  0
| 240|0x00000000ef000000, 0x00000000ef100000, 0x00000000ef100000|100%| E|CS|TAMS 0x00000000ef000000| PB 0x00000000ef000000| Complete |  0
| 241|0x00000000ef100000, 0x00000000ef200000, 0x00000000ef200000|100%| E|CS|TAMS 0x00000000ef100000| PB 0x00000000ef100000| Complete |  0
| 242|0x00000000ef200000, 0x00000000ef300000, 0x00000000ef300000|100%| E|CS|TAMS 0x00000000ef200000| PB 0x00000000ef200000| Complete |  0
| 243|0x00000000ef300000, 0x00000000ef400000, 0x00000000ef400000|100%| E|CS|TAMS 0x00000000ef300000| PB 0x00000000ef300000| Complete |  0
| 244|0x00000000ef400000, 0x00000000ef500000, 0x00000000ef500000|100%| E|CS|TAMS 0x00000000ef400000| PB 0x00000000ef400000| Complete |  0
| 245|0x00000000ef500000, 0x00000000ef600000, 0x00000000ef600000|100%| E|CS|TAMS 0x00000000ef500000| PB 0x00000000ef500000| Complete |  0
| 246|0x00000000ef600000, 0x00000000ef700000, 0x00000000ef700000|100%| E|CS|TAMS 0x00000000ef600000| PB 0x00000000ef600000| Complete |  0
| 247|0x00000000ef700000, 0x00000000ef800000, 0x00000000ef800000|100%| E|CS|TAMS 0x00000000ef700000| PB 0x00000000ef700000| Complete |  0
| 248|0x00000000ef800000, 0x00000000ef900000, 0x00000000ef900000|100%| E|CS|TAMS 0x00000000ef800000| PB 0x00000000ef800000| Complete |  0
| 249|0x00000000ef900000, 0x00000000efa00000, 0x00000000efa00000|100%| E|CS|TAMS 0x00000000ef900000| PB 0x00000000ef900000| Complete |  0
| 250|0x00000000efa00000, 0x00000000efb00000, 0x00000000efb00000|100%| E|CS|TAMS 0x00000000efa00000| PB 0x00000000efa00000| Complete |  0
| 251|0x00000000efb00000, 0x00000000efc00000, 0x00000000efc00000|100%| E|CS|TAMS 0x00000000efb00000| PB 0x00000000efb00000| Complete |  0
| 252|0x00000000efc00000, 0x00000000efd00000, 0x00000000efd00000|100%| E|CS|TAMS 0x00000000efc00000| PB 0x00000000efc00000| Complete |  0
| 255|0x00000000eff00000, 0x00000000f0000000, 0x00000000f0000000|100%| E|CS|TAMS 0x00000000eff00000| PB 0x00000000eff00000| Complete |  0
| 510|0x00000000ffe00000, 0x00000000fff00000, 0x00000000fff00000|100%| O|  |TAMS 0x00000000ffe00000| PB 0x00000000ffe00000| Untracked |  0
| 511|0x00000000fff00000, 0x0000000100000000, 0x0000000100000000|100%| E|CS|TAMS 0x00000000fff00000| PB 0x00000000fff00000| Complete |  0

Card table byte_map: [0x000001a7d4480000,0x000001a7d4580000] _byte_map_base: 0x000001a7d3d80000

Marking Bits: (CMBitMap*) 0x000001a7bc49b8f0
 Bits: [0x000001a7d4580000, 0x000001a7d4d80000)

Polling page: 0x000001a7bbc40000

Metaspace:

Usage:
  Non-class:     59.21 MB used.
      Class:      7.67 MB used.
       Both:     66.88 MB used.

Virtual space:
  Non-class space:       64.00 MB reserved,      60.38 MB ( 94%) committed,  1 nodes.
      Class space:      320.00 MB reserved,       8.69 MB (  3%) committed,  1 nodes.
             Both:      384.00 MB reserved,      69.06 MB ( 18%) committed. 

Chunk freelists:
   Non-Class:  3.36 MB
       Class:  7.26 MB
        Both:  10.62 MB

MaxMetaspaceSize: 384.00 MB
CompressedClassSpaceSize: 320.00 MB
Initial GC threshold: 21.00 MB
Current GC threshold: 115.00 MB
CDS: on
 - commit_granule_bytes: 65536.
 - commit_granule_words: 8192.
 - virtual_space_node_default_size: 8388608.
 - enlarge_chunks_in_place: 1.
UseCompressedClassPointers 1, UseCompactObjectHeaders 0
Narrow klass pointer bits 32, Max shift 3
Narrow klass base: 0x000001a7d8000000, Narrow klass shift: 0
Encoding Range: [0x000001a7d8000000 - 0x000001a8d8000000), (4294967296 bytes)
Klass Range:    [0x000001a7d8000000 - 0x000001a7ed000000), (352321536 bytes)
Klass ID Range:  [8 - 352321529) (352321521)


Internal statistics:

num_allocs_failed_limit: 18.
num_arena_births: 3964.
num_arena_deaths: 0.
num_vsnodes_births: 2.
num_vsnodes_deaths: 0.
num_space_committed: 1105.
num_space_uncommitted: 0.
num_chunks_returned_to_freelist: 18.
num_chunks_taken_from_freelist: 7279.
num_chunk_merges: 18.
num_chunk_splits: 4680.
num_chunks_enlarged: 2823.
num_inconsistent_stats: 0.

CodeHeap 'non-profiled nmethods': size=120064Kb used=6396Kb max_used=6758Kb free=113667Kb
 bounds [0x000001a7cc7d0000, 0x000001a7cce70000, 0x000001a7d3d10000]
CodeHeap 'profiled nmethods': size=120000Kb used=21872Kb max_used=23100Kb free=98128Kb
 bounds [0x000001a7c4d10000, 0x000001a7c63a0000, 0x000001a7cc240000]
CodeHeap 'non-nmethods': size=5696Kb used=2856Kb max_used=2980Kb free=2839Kb
 bounds [0x000001a7cc240000, 0x000001a7cc540000, 0x000001a7cc7d0000]
CodeCache: size=245760Kb, used=31124Kb, max_used=32838Kb, free=214634Kb
 total_blobs=13957, nmethods=13034, adapters=826, full_count=0
Compilation: enabled, stopped_count=0, restarted_count=0

Compilation events (20 events):
Event: 251.320 Thread 0x000001a7d7a29660 14367       2       io.spring.gradle.dependencymanagement.org.apache.maven.model.inheritance.DefaultInheritanceAssembler$InheritanceModelMerger::putAll (74 bytes)
Event: 251.320 Thread 0x000001a7d7a29660 nmethod 14367 0x000001a7c4dba888 code [0x000001a7c4dbaa20, 0x000001a7c4dbada8]
Event: 251.324 Thread 0x000001a7d7a29660 14369       3       io.spring.gradle.dependencymanagement.org.apache.maven.model.merge.ModelMerger::mergeOrganization (19 bytes)
Event: 251.325 Thread 0x000001a7d7a29660 nmethod 14369 0x000001a7c4d5a608 code [0x000001a7c4d5a740, 0x000001a7c4d5aa08]
Event: 251.397 Thread 0x000001a7d7a29660 14370  s    3       org.gradle.api.internal.artifacts.configurations.DefaultConfiguration::initExcludeRules (72 bytes)
Event: 251.398 Thread 0x000001a7d7a29660 nmethod 14370 0x000001a7c4d7b988 code [0x000001a7c4d7bb60, 0x000001a7c4d7c4e8]
Event: 251.437 Thread 0x000001a7d7a29660 14371       3       io.spring.gradle.dependencymanagement.org.apache.maven.model.building.DefaultModelBuildingRequest::setModelSource (6 bytes)
Event: 251.437 Thread 0x000001a7d7a29660 nmethod 14371 0x000001a7c4d16908 code [0x000001a7c4d16a20, 0x000001a7c4d16be8]
Event: 251.437 Thread 0x000001a7d7a29660 14372       3       io.spring.gradle.dependencymanagement.org.apache.maven.model.building.DefaultModelBuildingRequest::setModelResolver (6 bytes)
Event: 251.437 Thread 0x000001a7d7a29660 nmethod 14372 0x000001a7c4d1ab08 code [0x000001a7c4d1ac20, 0x000001a7c4d1ade8]
Event: 251.437 Thread 0x000001a7d7a29660 14373       3       io.spring.gradle.dependencymanagement.org.apache.maven.model.building.ModelCacheTag$2::intoCache (9 bytes)
Event: 251.437 Thread 0x000001a7d7a29660 nmethod 14373 0x000001a7c4eb9e08 code [0x000001a7c4eb9f40, 0x000001a7c4eba2a8]
Event: 251.466 Thread 0x000001a7d7a29660 14374       3       io.spring.gradle.dependencymanagement.org.apache.maven.model.building.DefaultModelBuilder::setModelInterpolator (7 bytes)
Event: 251.466 Thread 0x000001a7d7a29660 nmethod 14374 0x000001a7c4d2ed08 code [0x000001a7c4d2ee20, 0x000001a7c4d2ef78]
Event: 251.466 Thread 0x000001a7d7a29660 14375       3       io.spring.gradle.dependencymanagement.org.apache.maven.model.validation.DefaultModelValidator::<init> (21 bytes)
Event: 251.467 Thread 0x000001a7d7a29660 nmethod 14375 0x000001a7c4e50008 code [0x000001a7c4e50160, 0x000001a7c4e50740]
Event: 251.467 Thread 0x000001a7d7a29660 14376       3       io.spring.gradle.dependencymanagement.org.apache.maven.model.building.DefaultModelBuilder::setModelValidator (7 bytes)
Event: 251.467 Thread 0x000001a7d7a29660 nmethod 14376 0x000001a7c4d36e08 code [0x000001a7c4d36f20, 0x000001a7c4d37078]
Event: 251.479 Thread 0x000001a7d7a29660 14377       3       java.lang.invoke.LambdaForm$MH/0x000001a7d98b6000::invoke (39 bytes)
Event: 251.480 Thread 0x000001a7d7a29660 nmethod 14377 0x000001a7c51d3788 code [0x000001a7c51d3940, 0x000001a7c51d4390]

GC Heap History (20 events):
Event: 8.181 GC heap before
{Heap before GC invocations=4 (full 0):
 garbage-first heap   total reserved 524288K, committed 262144K, used 144388K [0x00000000e0000000, 0x0000000100000000)
  region size 1024K, 126 young (129024K), 12 survivors (12288K)
 Metaspace       used 34957K, committed 35968K, reserved 393216K
  class space    used 3767K, committed 4224K, reserved 327680K
}
Event: 8.202 GC heap after
{Heap after GC invocations=5 (full 0):
 garbage-first heap   total reserved 524288K, committed 262144K, used 34524K [0x00000000e0000000, 0x0000000100000000)
  region size 1024K, 13 young (13312K), 13 survivors (13312K)
 Metaspace       used 34957K, committed 35968K, reserved 393216K
  class space    used 3767K, committed 4224K, reserved 327680K
}
Event: 8.330 GC heap before
{Heap before GC invocations=5 (full 0):
 garbage-first heap   total reserved 524288K, committed 262144K, used 38620K [0x00000000e0000000, 0x0000000100000000)
  region size 1024K, 18 young (18432K), 13 survivors (13312K)
 Metaspace       used 35272K, committed 36288K, reserved 393216K
  class space    used 3813K, committed 4288K, reserved 327680K
}
Event: 8.338 GC heap after
{Heap after GC invocations=6 (full 0):
 garbage-first heap   total reserved 524288K, committed 262144K, used 34025K [0x00000000e0000000, 0x0000000100000000)
  region size 1024K, 9 young (9216K), 9 survivors (9216K)
 Metaspace       used 35272K, committed 36288K, reserved 393216K
  class space    used 3813K, committed 4288K, reserved 327680K
}
Event: 8.375 GC heap before
{Heap before GC invocations=6 (full 0):
 garbage-first heap   total reserved 524288K, committed 262144K, used 37097K [0x00000000e0000000, 0x0000000100000000)
  region size 1024K, 13 young (13312K), 9 survivors (9216K)
 Metaspace       used 35548K, committed 36608K, reserved 393216K
  class space    used 3838K, committed 4352K, reserved 327680K
}
Event: 8.383 GC heap after
{Heap after GC invocations=7 (full 0):
 garbage-first heap   total reserved 524288K, committed 262144K, used 34200K [0x00000000e0000000, 0x0000000100000000)
  region size 1024K, 10 young (10240K), 10 survivors (10240K)
 Metaspace       used 35548K, committed 36608K, reserved 393216K
  class space    used 3838K, committed 4352K, reserved 327680K
}
Event: 10.478 GC heap before
{Heap before GC invocations=8 (full 0):
 garbage-first heap   total reserved 524288K, committed 262144K, used 181656K [0x00000000e0000000, 0x0000000100000000)
  region size 1024K, 153 young (156672K), 10 survivors (10240K)
 Metaspace       used 50159K, committed 51968K, reserved 393216K
  class space    used 5758K, committed 6592K, reserved 327680K
}
Event: 10.494 GC heap after
{Heap after GC invocations=9 (full 0):
 garbage-first heap   total reserved 524288K, committed 262144K, used 41182K [0x00000000e0000000, 0x0000000100000000)
  region size 1024K, 16 young (16384K), 16 survivors (16384K)
 Metaspace       used 50159K, committed 51968K, reserved 393216K
  class space    used 5758K, committed 6592K, reserved 327680K
}
Event: 12.819 GC heap before
{Heap before GC invocations=9 (full 0):
 garbage-first heap   total reserved 524288K, committed 262144K, used 177374K [0x00000000e0000000, 0x0000000100000000)
  region size 1024K, 151 young (154624K), 16 survivors (16384K)
 Metaspace       used 59273K, committed 61248K, reserved 393216K
  class space    used 6904K, committed 7872K, reserved 327680K
}
Event: 12.846 GC heap after
{Heap after GC invocations=10 (full 0):
 garbage-first heap   total reserved 524288K, committed 262144K, used 52163K [0x00000000e0000000, 0x0000000100000000)
  region size 1024K, 19 young (19456K), 19 survivors (19456K)
 Metaspace       used 59273K, committed 61248K, reserved 393216K
  class space    used 6904K, committed 7872K, reserved 327680K
}
Event: 12.893 GC heap before
{Heap before GC invocations=10 (full 0):
 garbage-first heap   total reserved 524288K, committed 262144K, used 56259K [0x00000000e0000000, 0x0000000100000000)
  region size 1024K, 24 young (24576K), 19 survivors (19456K)
 Metaspace       used 59627K, committed 61568K, reserved 393216K
  class space    used 6933K, committed 7872K, reserved 327680K
}
Event: 12.905 GC heap after
{Heap after GC invocations=11 (full 0):
 garbage-first heap   total reserved 524288K, committed 262144K, used 53731K [0x00000000e0000000, 0x0000000100000000)
  region size 1024K, 2 young (2048K), 2 survivors (2048K)
 Metaspace       used 59627K, committed 61568K, reserved 393216K
  class space    used 6933K, committed 7872K, reserved 327680K
}
Event: 15.574 GC heap before
{Heap before GC invocations=12 (full 0):
 garbage-first heap   total reserved 524288K, committed 262144K, used 204259K [0x00000000e0000000, 0x0000000100000000)
  region size 1024K, 150 young (153600K), 2 survivors (2048K)
 Metaspace       used 63658K, committed 65792K, reserved 393216K
  class space    used 7366K, committed 8384K, reserved 327680K
}
Event: 15.580 GC heap after
{Heap after GC invocations=13 (full 0):
 garbage-first heap   total reserved 524288K, committed 262144K, used 58400K [0x00000000e0000000, 0x0000000100000000)
  region size 1024K, 7 young (7168K), 7 survivors (7168K)
 Metaspace       used 63658K, committed 65792K, reserved 393216K
  class space    used 7366K, committed 8384K, reserved 327680K
}
Event: 86.280 GC heap before
{Heap before GC invocations=13 (full 0):
 garbage-first heap   total reserved 524288K, committed 262144K, used 206880K [0x00000000e0000000, 0x0000000100000000)
  region size 1024K, 153 young (156672K), 7 survivors (7168K)
 Metaspace       used 66936K, committed 69184K, reserved 393216K
  class space    used 7832K, committed 8896K, reserved 327680K
}
Event: 86.303 GC heap after
{Heap after GC invocations=14 (full 0):
 garbage-first heap   total reserved 524288K, committed 262144K, used 73259K [0x00000000e0000000, 0x0000000100000000)
  region size 1024K, 20 young (20480K), 20 survivors (20480K)
 Metaspace       used 66936K, committed 69184K, reserved 393216K
  class space    used 7832K, committed 8896K, reserved 327680K
}
Event: 160.264 GC heap before
{Heap before GC invocations=14 (full 0):
 garbage-first heap   total reserved 524288K, committed 262144K, used 208427K [0x00000000e0000000, 0x0000000100000000)
  region size 1024K, 153 young (156672K), 20 survivors (20480K)
 Metaspace       used 67942K, committed 70208K, reserved 393216K
  class space    used 7848K, committed 8896K, reserved 327680K
}
Event: 160.285 GC heap after
{Heap after GC invocations=15 (full 0):
 garbage-first heap   total reserved 524288K, committed 262144K, used 76533K [0x00000000e0000000, 0x0000000100000000)
  region size 1024K, 6 young (6144K), 6 survivors (6144K)
 Metaspace       used 67942K, committed 70208K, reserved 393216K
  class space    used 7848K, committed 8896K, reserved 327680K
}
Event: 250.803 GC heap before
{Heap before GC invocations=15 (full 0):
 garbage-first heap   total reserved 524288K, committed 262144K, used 221941K [0x00000000e0000000, 0x0000000100000000)
  region size 1024K, 149 young (152576K), 6 survivors (6144K)
 Metaspace       used 68444K, committed 70656K, reserved 393216K
  class space    used 7852K, committed 8896K, reserved 327680K
}
Event: 250.816 GC heap after
{Heap after GC invocations=16 (full 0):
 garbage-first heap   total reserved 524288K, committed 262144K, used 76913K [0x00000000e0000000, 0x0000000100000000)
  region size 1024K, 6 young (6144K), 6 survivors (6144K)
 Metaspace       used 68444K, committed 70656K, reserved 393216K
  class space    used 7852K, committed 8896K, reserved 327680K
}

Dll operation events (15 events):
Event: 0.020 Loaded shared library C:\Users\vuquo\.jdks\openjdk-24.0.1\bin\java.dll
Event: 0.161 Loaded shared library C:\Users\vuquo\.jdks\openjdk-24.0.1\bin\jsvml.dll
Event: 0.314 Loaded shared library C:\Users\vuquo\.jdks\openjdk-24.0.1\bin\zip.dll
Event: 0.332 Loaded shared library C:\Users\vuquo\.jdks\openjdk-24.0.1\bin\instrument.dll
Event: 0.352 Loaded shared library C:\Users\vuquo\.jdks\openjdk-24.0.1\bin\net.dll
Event: 0.364 Loaded shared library C:\Users\vuquo\.jdks\openjdk-24.0.1\bin\nio.dll
Event: 0.383 Loaded shared library C:\Users\vuquo\.jdks\openjdk-24.0.1\bin\zip.dll
Event: 0.921 Loaded shared library C:\Users\vuquo\.jdks\openjdk-24.0.1\bin\jimage.dll
Event: 1.342 Loaded shared library C:\Users\vuquo\.jdks\openjdk-24.0.1\bin\verify.dll
Event: 1.486 Loaded shared library C:\Users\vuquo\.gradle\native\1def1411415f61bf3af743bc5b6707747c0891f09f0c88961ee8f79bc544acac\windows-amd64\native-platform.dll
Event: 1.504 Loaded shared library C:\Users\vuquo\.gradle\native\0.2.7\x86_64-windows-gnu\gradle-fileevents.dll
Event: 3.288 Loaded shared library C:\Users\vuquo\.jdks\openjdk-24.0.1\bin\management.dll
Event: 3.295 Loaded shared library C:\Users\vuquo\.jdks\openjdk-24.0.1\bin\management_ext.dll
Event: 3.464 Loaded shared library C:\Users\vuquo\.jdks\openjdk-24.0.1\bin\extnet.dll
Event: 4.002 Loaded shared library C:\Users\vuquo\.jdks\openjdk-24.0.1\bin\sunmscapi.dll

Deoptimization events (20 events):
Event: 250.190 Thread 0x000001a7f27e8180 DEOPT PACKING pc=0x000001a7cce4f8a0 sp=0x00000011610f5040
Event: 250.190 Thread 0x000001a7f27e8180 DEOPT UNPACKING pc=0x000001a7cc364082 sp=0x00000011610f4fc0 mode 2
Event: 250.990 Thread 0x000001a7f27e8180 Uncommon trap: trap_request=0xffffffbe fr.pc=0x000001a7cce696f0 relative=0x0000000000000dd0
Event: 250.990 Thread 0x000001a7f27e8180 Uncommon trap: reason=profile_predicate action=maybe_recompile pc=0x000001a7cce696f0 method=java.util.concurrent.ConcurrentHashMap$Traverser.advance()Ljava/util/concurrent/ConcurrentHashMap$Node; @ 15 c2
Event: 250.990 Thread 0x000001a7f27e8180 DEOPT PACKING pc=0x000001a7cce696f0 sp=0x00000011610f88d0
Event: 250.990 Thread 0x000001a7f27e8180 DEOPT UNPACKING pc=0x000001a7cc364082 sp=0x00000011610f85f0 mode 2
Event: 251.074 Thread 0x000001a7f27e8180 Uncommon trap: trap_request=0xffffffbe fr.pc=0x000001a7cce696f0 relative=0x0000000000000dd0
Event: 251.074 Thread 0x000001a7f27e8180 Uncommon trap: reason=profile_predicate action=maybe_recompile pc=0x000001a7cce696f0 method=java.util.concurrent.ConcurrentHashMap$Traverser.advance()Ljava/util/concurrent/ConcurrentHashMap$Node; @ 15 c2
Event: 251.074 Thread 0x000001a7f27e8180 DEOPT PACKING pc=0x000001a7cce696f0 sp=0x00000011610f88d0
Event: 251.074 Thread 0x000001a7f27e8180 DEOPT UNPACKING pc=0x000001a7cc364082 sp=0x00000011610f85f0 mode 2
Event: 251.086 Thread 0x000001a7f27e8180 Uncommon trap: trap_request=0xffffffbe fr.pc=0x000001a7cce696f0 relative=0x0000000000000dd0
Event: 251.086 Thread 0x000001a7f27e8180 Uncommon trap: reason=profile_predicate action=maybe_recompile pc=0x000001a7cce696f0 method=java.util.concurrent.ConcurrentHashMap$Traverser.advance()Ljava/util/concurrent/ConcurrentHashMap$Node; @ 15 c2
Event: 251.087 Thread 0x000001a7f27e8180 DEOPT PACKING pc=0x000001a7cce696f0 sp=0x00000011610f88d0
Event: 251.087 Thread 0x000001a7f27e8180 DEOPT UNPACKING pc=0x000001a7cc364082 sp=0x00000011610f85f0 mode 2
Event: 251.099 Thread 0x000001a7f27e8180 Uncommon trap: trap_request=0xffffffbe fr.pc=0x000001a7cce696f0 relative=0x0000000000000dd0
Event: 251.099 Thread 0x000001a7f27e8180 Uncommon trap: reason=profile_predicate action=maybe_recompile pc=0x000001a7cce696f0 method=java.util.concurrent.ConcurrentHashMap$Traverser.advance()Ljava/util/concurrent/ConcurrentHashMap$Node; @ 15 c2
Event: 251.099 Thread 0x000001a7f27e8180 DEOPT PACKING pc=0x000001a7cce696f0 sp=0x00000011610f88d0
Event: 251.099 Thread 0x000001a7f27e8180 DEOPT UNPACKING pc=0x000001a7cc364082 sp=0x00000011610f85f0 mode 2
Event: 251.142 Thread 0x000001a7f27e8180 DEOPT PACKING pc=0x000001a7c5b9794f sp=0x00000011610f8ff0
Event: 251.143 Thread 0x000001a7f27e8180 DEOPT UNPACKING pc=0x000001a7cc296642 sp=0x00000011610f84b8 mode 0

Classes loaded (20 events):
Event: 20.996 Loading class jdk/internal/access/JavaObjectInputFilterAccess
Event: 20.997 Loading class jdk/internal/access/JavaObjectInputFilterAccess done
Event: 20.999 Loading class jdk/internal/event/DeserializationEvent
Event: 21.000 Loading class jdk/internal/event/DeserializationEvent done
Event: 21.005 Loading class java/io/ObjectInputStream$FieldValues
Event: 21.006 Loading class java/io/ObjectInputStream$GetField
Event: 21.006 Loading class java/io/ObjectInputStream$GetField done
Event: 21.006 Loading class java/io/ObjectInputStream$FieldValues done
Event: 21.045 Loading class java/util/HashMap$UnsafeHolder
Event: 21.046 Loading class java/util/HashMap$UnsafeHolder done
Event: 21.084 Loading class java/util/PriorityQueue
Event: 21.086 Loading class java/util/PriorityQueue done
Event: 21.504 Loading class java/util/concurrent/ConcurrentLinkedQueue$Itr
Event: 21.505 Loading class java/util/concurrent/ConcurrentLinkedQueue$Itr done
Event: 21.750 Loading class java/time/Instant$1
Event: 21.752 Loading class java/time/Instant$1 done
Event: 21.869 Loading class java/util/concurrent/CompletableFuture$AsyncRun
Event: 21.870 Loading class java/util/concurrent/CompletableFuture$AsyncRun done
Event: 85.558 Loading class jdk/internal/math/FormattedFPDecimal
Event: 85.561 Loading class jdk/internal/math/FormattedFPDecimal done

Classes unloaded (0 events):
No events

Classes redefined (0 events):
No events

Internal exceptions (20 events):
Event: 159.550 Thread 0x000001a7f2b331d0 Implicit null exception at 0x000001a7ccd1cd59 to 0x000001a7ccd1ce84
Event: 159.718 Thread 0x000001a7f2b331d0 Exception <a 'sun/nio/fs/WindowsException'{0x00000000e94d2140}> (0x00000000e94d2140) 
thrown [s\open\src\hotspot\share\prims\jni.cpp, line 518]
Event: 159.718 Thread 0x000001a7f2b331d0 Exception <a 'sun/nio/fs/WindowsException'{0x00000000e94d3620}> (0x00000000e94d3620) 
thrown [s\open\src\hotspot\share\prims\jni.cpp, line 518]
Event: 159.718 Thread 0x000001a7f2b331d0 Exception <a 'sun/nio/fs/WindowsException'{0x00000000e94d4af0}> (0x00000000e94d4af0) 
thrown [s\open\src\hotspot\share\prims\jni.cpp, line 518]
Event: 159.719 Thread 0x000001a7f2b331d0 Exception <a 'sun/nio/fs/WindowsException'{0x00000000e94d5fa0}> (0x00000000e94d5fa0) 
thrown [s\open\src\hotspot\share\prims\jni.cpp, line 518]
Event: 159.950 Thread 0x000001a7f2b331d0 Exception <a 'java/lang/NoClassDefFoundError'{0x00000000e8d10988}: org/jetbrains/kotlin/gradle/plugin/KotlinPluginWrapper> (0x00000000e8d10988) 
thrown [s\open\src\hotspot\share\oops\constantPool.cpp, line 1048]
Event: 159.950 Thread 0x000001a7f2b331d0 Exception <a 'java/lang/NoClassDefFoundError'{0x00000000e8d12ae0}: org/graalvm/buildtools/gradle/NativeImagePlugin> (0x00000000e8d12ae0) 
thrown [s\open\src\hotspot\share\oops\constantPool.cpp, line 1048]
Event: 159.950 Thread 0x000001a7f2b331d0 Exception <a 'java/lang/NoClassDefFoundError'{0x00000000e8d14e68}: org/cyclonedx/gradle/CycloneDxPlugin> (0x00000000e8d14e68) 
thrown [s\open\src\hotspot\share\oops\constantPool.cpp, line 1048]
Event: 161.296 Thread 0x000001a7f2b331d0 Exception <a 'sun/nio/fs/WindowsException'{0x00000000eada6d90}> (0x00000000eada6d90) 
thrown [s\open\src\hotspot\share\prims\jni.cpp, line 518]
Event: 249.891 Thread 0x000001a7f27e8180 Exception <a 'sun/nio/fs/WindowsException'{0x00000000ea0cd070}> (0x00000000ea0cd070) 
thrown [s\open\src\hotspot\share\prims\jni.cpp, line 518]
Event: 249.892 Thread 0x000001a7f27e8180 Exception <a 'sun/nio/fs/WindowsException'{0x00000000ea0ce818}> (0x00000000ea0ce818) 
thrown [s\open\src\hotspot\share\prims\jni.cpp, line 518]
Event: 249.897 Thread 0x000001a7f27e8180 Exception <a 'sun/nio/fs/WindowsException'{0x00000000ea0cfce8}> (0x00000000ea0cfce8) 
thrown [s\open\src\hotspot\share\prims\jni.cpp, line 518]
Event: 249.898 Thread 0x000001a7f27e8180 Exception <a 'sun/nio/fs/WindowsException'{0x00000000ea0d1198}> (0x00000000ea0d1198) 
thrown [s\open\src\hotspot\share\prims\jni.cpp, line 518]
Event: 250.089 Thread 0x000001a7f27e8180 Exception <a 'java/lang/NoClassDefFoundError'{0x00000000e9ad8188}: org/jetbrains/kotlin/gradle/plugin/KotlinPluginWrapper> (0x00000000e9ad8188) 
thrown [s\open\src\hotspot\share\oops\constantPool.cpp, line 1048]
Event: 250.089 Thread 0x000001a7f27e8180 Exception <a 'java/lang/NoClassDefFoundError'{0x00000000e9ada538}: org/graalvm/buildtools/gradle/NativeImagePlugin> (0x00000000e9ada538) 
thrown [s\open\src\hotspot\share\oops\constantPool.cpp, line 1048]
Event: 250.089 Thread 0x000001a7f27e8180 Exception <a 'java/lang/NoClassDefFoundError'{0x00000000e9adc680}: org/cyclonedx/gradle/CycloneDxPlugin> (0x00000000e9adc680) 
thrown [s\open\src\hotspot\share\oops\constantPool.cpp, line 1048]
Event: 250.990 Thread 0x000001a7f27e8180 Implicit null exception at 0x000001a7cce68a11 to 0x000001a7cce696d8
Event: 251.074 Thread 0x000001a7f27e8180 Implicit null exception at 0x000001a7cce68a11 to 0x000001a7cce696d8
Event: 251.086 Thread 0x000001a7f27e8180 Implicit null exception at 0x000001a7cce68a11 to 0x000001a7cce696d8
Event: 251.099 Thread 0x000001a7f27e8180 Implicit null exception at 0x000001a7cce68a11 to 0x000001a7cce696d8

VM Operations (20 events):
Event: 120.328 Executing VM operation: HandshakeAllThreads (HandshakeForDeflation)
Event: 120.329 Executing VM operation: HandshakeAllThreads (HandshakeForDeflation) done
Event: 120.329 Executing VM operation: RendezvousGCThreads
Event: 120.329 Executing VM operation: RendezvousGCThreads done
Event: 160.264 Executing VM operation: G1CollectForAllocation (G1 Evacuation Pause)
Event: 160.285 Executing VM operation: G1CollectForAllocation (G1 Evacuation Pause) done
Event: 180.439 Executing VM operation: HandshakeAllThreads (HandshakeForDeflation)
Event: 180.440 Executing VM operation: HandshakeAllThreads (HandshakeForDeflation) done
Event: 180.440 Executing VM operation: RendezvousGCThreads
Event: 180.440 Executing VM operation: RendezvousGCThreads done
Event: 240.556 Executing VM operation: HandshakeAllThreads (HandshakeForDeflation)
Event: 240.556 Executing VM operation: HandshakeAllThreads (HandshakeForDeflation) done
Event: 240.556 Executing VM operation: RendezvousGCThreads
Event: 240.556 Executing VM operation: RendezvousGCThreads done
Event: 250.802 Executing VM operation: G1CollectForAllocation (G1 Evacuation Pause)
Event: 250.816 Executing VM operation: G1CollectForAllocation (G1 Evacuation Pause) done
Event: 250.911 Executing VM operation: G1PauseRemark
Event: 250.985 Executing VM operation: G1PauseRemark done
Event: 251.008 Executing VM operation: G1PauseCleanup
Event: 251.008 Executing VM operation: G1PauseCleanup done

Memory protections (0 events):
No events

Nmethod flushes (20 events):
Event: 250.976 Thread 0x000001a7d7a0e4c0 flushing  nmethod 0x000001a7c5403c08
Event: 250.976 Thread 0x000001a7d7a0e4c0 flushing  nmethod 0x000001a7c5406208
Event: 250.976 Thread 0x000001a7d7a0e4c0 flushing  nmethod 0x000001a7c5407408
Event: 250.976 Thread 0x000001a7d7a0e4c0 flushing  nmethod 0x000001a7c5409188
Event: 250.976 Thread 0x000001a7d7a0e4c0 flushing  nmethod 0x000001a7c5409d08
Event: 250.976 Thread 0x000001a7d7a0e4c0 flushing  nmethod 0x000001a7c540a888
Event: 250.976 Thread 0x000001a7d7a0e4c0 flushing  nmethod 0x000001a7c540ae88
Event: 250.976 Thread 0x000001a7d7a0e4c0 flushing  nmethod 0x000001a7c540bc08
Event: 250.976 Thread 0x000001a7d7a0e4c0 flushing  nmethod 0x000001a7c5433708
Event: 250.976 Thread 0x000001a7d7a0e4c0 flushing  nmethod 0x000001a7c549d408
Event: 250.976 Thread 0x000001a7d7a0e4c0 flushing  nmethod 0x000001a7c5505008
Event: 250.976 Thread 0x000001a7d7a0e4c0 flushing  nmethod 0x000001a7c5509108
Event: 250.976 Thread 0x000001a7d7a0e4c0 flushing  nmethod 0x000001a7c5534588
Event: 250.976 Thread 0x000001a7d7a0e4c0 flushing  nmethod 0x000001a7c5535a88
Event: 250.976 Thread 0x000001a7d7a0e4c0 flushing  nmethod 0x000001a7c55f3288
Event: 250.976 Thread 0x000001a7d7a0e4c0 flushing  nmethod 0x000001a7c55f6b08
Event: 250.976 Thread 0x000001a7d7a0e4c0 flushing  nmethod 0x000001a7c55f7388
Event: 250.976 Thread 0x000001a7d7a0e4c0 flushing  nmethod 0x000001a7c55f8088
Event: 250.976 Thread 0x000001a7d7a0e4c0 flushing  nmethod 0x000001a7c565c888
Event: 250.976 Thread 0x000001a7d7a0e4c0 flushing  nmethod 0x000001a7c5759088

Events (20 events):
Event: 251.179 Thread 0x000001a7f27e8180 Thread added: 0x000001a7f34e7970
Event: 251.204 Thread 0x000001a7f27e8180 Thread added: 0x000001a7f34eb3f0
Event: 251.222 Thread 0x000001a7f27e8180 Thread added: 0x000001a7f34e8810
Event: 251.238 Thread 0x000001a7f27e8180 Thread added: 0x000001a7f34e9e00
Event: 251.246 Thread 0x000001a7f27e8180 Thread added: 0x000001a7f34e96b0
Event: 251.269 Thread 0x000001a7f27e8180 Thread added: 0x000001a7f34ea550
Event: 251.285 Thread 0x000001a7f27e8180 Thread added: 0x000001a7f34e4640
Event: 251.298 Thread 0x000001a7f27e8180 Thread added: 0x000001a7f34ebb40
Event: 251.307 Thread 0x000001a7f27e8180 Thread added: 0x000001a7f3d166c0
Event: 251.310 Thread 0x000001a7f27e8180 Thread added: 0x000001a7f3d16e10
Event: 251.318 Thread 0x000001a7f27e8180 Thread added: 0x000001a7f3d11da0
Event: 251.338 Thread 0x000001a7f27e8180 Thread added: 0x000001a7f3d107b0
Event: 251.359 Thread 0x000001a7f27e8180 Thread added: 0x000001a7f3d10f00
Event: 251.369 Thread 0x000001a7f27e8180 Thread added: 0x000001a7f3d12c40
Event: 251.379 Thread 0x000001a7f27e8180 Thread added: 0x000001a7f3d13ae0
Event: 251.385 Thread 0x000001a7f27e8180 Thread added: 0x000001a7f3d14230
Event: 251.401 Thread 0x000001a7f27e8180 Thread added: 0x000001a7f3d14980
Event: 251.407 Thread 0x000001a7f27e8180 Thread added: 0x000001a7f3d11650
Event: 251.412 Thread 0x000001a7f27e8180 Thread added: 0x000001a7f3d15820
Event: 251.432 Thread 0x000001a7f27e8180 Thread added: 0x000001a7f2b34070


Dynamic libraries:
0x00007ff6a03a0000 - 0x00007ff6a03ae000 	C:\Users\vuquo\.jdks\openjdk-24.0.1\bin\java.exe
0x00007fff66d70000 - 0x00007fff66f87000 	C:\Windows\SYSTEM32\ntdll.dll
0x00007fff65700000 - 0x00007fff657c4000 	C:\Windows\System32\KERNEL32.DLL
0x00007fff640a0000 - 0x00007fff6444d000 	C:\Windows\System32\KERNELBASE.dll
0x00007fff648f0000 - 0x00007fff64a01000 	C:\Windows\System32\ucrtbase.dll
0x00007fff59080000 - 0x00007fff59096000 	C:\Users\vuquo\.jdks\openjdk-24.0.1\bin\jli.dll
0x00007fff59750000 - 0x00007fff5976b000 	C:\Users\vuquo\.jdks\openjdk-24.0.1\bin\VCRUNTIME140.dll
0x00007fff650d0000 - 0x00007fff6527e000 	C:\Windows\System32\USER32.dll
0x00007fff64660000 - 0x00007fff64686000 	C:\Windows\System32\win32u.dll
0x00007fff58a10000 - 0x00007fff58ca3000 	C:\Windows\WinSxS\amd64_microsoft.windows.common-controls_6595b64144ccf1df_6.0.22621.3672_none_2713b9d173822955\COMCTL32.dll
0x00007fff65860000 - 0x00007fff65889000 	C:\Windows\System32\GDI32.dll
0x00007fff66630000 - 0x00007fff666d7000 	C:\Windows\System32\msvcrt.dll
0x00007fff64450000 - 0x00007fff64569000 	C:\Windows\System32\gdi32full.dll
0x00007fff64a10000 - 0x00007fff64aaa000 	C:\Windows\System32\msvcp_win.dll
0x00007fff657d0000 - 0x00007fff65801000 	C:\Windows\System32\IMM32.DLL
0x00007fff59070000 - 0x00007fff5907c000 	C:\Users\vuquo\.jdks\openjdk-24.0.1\bin\vcruntime140_1.dll
0x00007fff2d2c0000 - 0x00007fff2d34e000 	C:\Users\vuquo\.jdks\openjdk-24.0.1\bin\msvcp140.dll
0x00007ffee1460000 - 0x00007ffee2202000 	C:\Users\vuquo\.jdks\openjdk-24.0.1\bin\server\jvm.dll
0x00007fff65280000 - 0x00007fff65332000 	C:\Windows\System32\ADVAPI32.dll
0x00007fff654f0000 - 0x00007fff65599000 	C:\Windows\System32\sechost.dll
0x00007fff64570000 - 0x00007fff64598000 	C:\Windows\System32\bcrypt.dll
0x00007fff65340000 - 0x00007fff65454000 	C:\Windows\System32\RPCRT4.dll
0x00007fff64ab0000 - 0x00007fff64b21000 	C:\Windows\System32\WS2_32.dll
0x00007fff58ea0000 - 0x00007fff58ed4000 	C:\Windows\SYSTEM32\WINMM.dll
0x00007fff62f00000 - 0x00007fff62f4d000 	C:\Windows\SYSTEM32\POWRPROF.dll
0x00007fff59bf0000 - 0x00007fff59bfa000 	C:\Windows\SYSTEM32\VERSION.dll
0x00007fff62ee0000 - 0x00007fff62ef3000 	C:\Windows\SYSTEM32\UMPDC.dll
0x00007fff631a0000 - 0x00007fff631b8000 	C:\Windows\SYSTEM32\kernel.appcore.dll
0x00007fff59060000 - 0x00007fff5906a000 	C:\Users\vuquo\.jdks\openjdk-24.0.1\bin\jimage.dll
0x00007fff61180000 - 0x00007fff613b2000 	C:\Windows\SYSTEM32\DBGHELP.DLL
0x00007fff64b30000 - 0x00007fff64eb8000 	C:\Windows\System32\combase.dll
0x00007fff65c30000 - 0x00007fff65d07000 	C:\Windows\System32\OLEAUT32.dll
0x00007fff584d0000 - 0x00007fff58502000 	C:\Windows\SYSTEM32\dbgcore.DLL
0x00007fff64870000 - 0x00007fff648eb000 	C:\Windows\System32\bcryptPrimitives.dll
0x00007fff59050000 - 0x00007fff5905f000 	C:\Users\vuquo\.jdks\openjdk-24.0.1\bin\instrument.dll
0x00007fff58f60000 - 0x00007fff58f7e000 	C:\Users\vuquo\.jdks\openjdk-24.0.1\bin\java.dll
0x00007fff65900000 - 0x00007fff65aa5000 	C:\Windows\System32\ole32.dll
0x00007fff65dd0000 - 0x00007fff6662f000 	C:\Windows\System32\SHELL32.dll
0x00007fff61fb0000 - 0x00007fff628ac000 	C:\Windows\SYSTEM32\windows.storage.dll
0x00007fff61e70000 - 0x00007fff61faf000 	C:\Windows\SYSTEM32\wintypes.dll
0x00007fff64f20000 - 0x00007fff65014000 	C:\Windows\System32\SHCORE.dll
0x00007fff64ec0000 - 0x00007fff64f1e000 	C:\Windows\System32\shlwapi.dll
0x00007fff63fd0000 - 0x00007fff63ff1000 	C:\Windows\SYSTEM32\profapi.dll
0x00007fff234d0000 - 0x00007fff235a7000 	C:\Users\vuquo\.jdks\openjdk-24.0.1\bin\jsvml.dll
0x00007fff58ee0000 - 0x00007fff58ef7000 	C:\Users\vuquo\.jdks\openjdk-24.0.1\bin\zip.dll
0x00007fff59040000 - 0x00007fff59050000 	C:\Users\vuquo\.jdks\openjdk-24.0.1\bin\net.dll
0x00007fff63610000 - 0x00007fff63679000 	C:\Windows\system32\mswsock.dll
0x00007fff58f40000 - 0x00007fff58f56000 	C:\Users\vuquo\.jdks\openjdk-24.0.1\bin\nio.dll
0x00007fff58f30000 - 0x00007fff58f40000 	C:\Users\vuquo\.jdks\openjdk-24.0.1\bin\verify.dll
0x00007fff44580000 - 0x00007fff445a7000 	C:\Users\vuquo\.gradle\native\1def1411415f61bf3af743bc5b6707747c0891f09f0c88961ee8f79bc544acac\windows-amd64\native-platform.dll
0x00007fff23450000 - 0x00007fff234c8000 	C:\Users\vuquo\.gradle\native\0.2.7\x86_64-windows-gnu\gradle-fileevents.dll
0x00007fff568d0000 - 0x00007fff568da000 	C:\Users\vuquo\.jdks\openjdk-24.0.1\bin\management.dll
0x00007fff55970000 - 0x00007fff5597b000 	C:\Users\vuquo\.jdks\openjdk-24.0.1\bin\management_ext.dll
0x00007fff65890000 - 0x00007fff65898000 	C:\Windows\System32\PSAPI.DLL
0x00007fff62b80000 - 0x00007fff62bad000 	C:\Windows\SYSTEM32\IPHLPAPI.DLL
0x00007fff65d10000 - 0x00007fff65d19000 	C:\Windows\System32\NSI.dll
0x00007fff4e4a0000 - 0x00007fff4e4a9000 	C:\Users\vuquo\.jdks\openjdk-24.0.1\bin\extnet.dll
0x00007fff63890000 - 0x00007fff638ab000 	C:\Windows\SYSTEM32\CRYPTSP.dll
0x00007fff630f0000 - 0x00007fff63125000 	C:\Windows\system32\rsaenh.dll
0x00007fff63710000 - 0x00007fff63738000 	C:\Windows\SYSTEM32\USERENV.dll
0x00007fff638b0000 - 0x00007fff638bc000 	C:\Windows\SYSTEM32\CRYPTBASE.dll
0x00007fff44fa0000 - 0x00007fff44fae000 	C:\Users\vuquo\.jdks\openjdk-24.0.1\bin\sunmscapi.dll
0x00007fff64700000 - 0x00007fff64867000 	C:\Windows\System32\CRYPT32.dll
0x00007fff63a50000 - 0x00007fff63a7e000 	C:\Windows\SYSTEM32\ncrypt.dll
0x00007fff63a10000 - 0x00007fff63a47000 	C:\Windows\SYSTEM32\NTASN1.dll
0x00007ffef8ef0000 - 0x00007ffef8ef8000 	C:\Windows\system32\wshunix.dll

JVMTI agents:
C:\Users\vuquo\.gradle\wrapper\dists\gradle-8.14.3-bin\cv11ve7ro1n3o1j4so8xd9n66\gradle-8.14.3\lib\agents\gradle-instrumentation-agent-8.14.3.jar path:C:\Users\vuquo\.jdks\openjdk-24.0.1\bin\instrument.dll, loaded, initialized, instrumentlib options:none

dbghelp: loaded successfully - version: 4.0.5 - missing functions: none
symbol engine: initialized successfully - sym options: 0x614 - pdb path: .;C:\Users\vuquo\.jdks\openjdk-24.0.1\bin;C:\Windows\SYSTEM32;C:\Windows\WinSxS\amd64_microsoft.windows.common-controls_6595b64144ccf1df_6.0.22621.3672_none_2713b9d173822955;C:\Users\vuquo\.jdks\openjdk-24.0.1\bin\server;C:\Users\vuquo\.gradle\native\1def1411415f61bf3af743bc5b6707747c0891f09f0c88961ee8f79bc544acac\windows-amd64;C:\Users\vuquo\.gradle\native\0.2.7\x86_64-windows-gnu

VM Arguments:
jvm_args: --add-opens=java.base/java.lang=ALL-UNNAMED --add-opens=java.base/java.lang.invoke=ALL-UNNAMED --add-opens=java.base/java.util=ALL-UNNAMED --add-opens=java.prefs/java.util.prefs=ALL-UNNAMED --add-exports=jdk.compiler/com.sun.tools.javac.api=ALL-UNNAMED --add-exports=jdk.compiler/com.sun.tools.javac.util=ALL-UNNAMED --add-opens=java.base/java.util=ALL-UNNAMED --add-opens=java.prefs/java.util.prefs=ALL-UNNAMED --add-opens=java.base/java.nio.charset=ALL-UNNAMED --add-opens=java.base/java.net=ALL-UNNAMED --add-opens=java.base/java.util.concurrent.atomic=ALL-UNNAMED --add-opens=java.xml/javax.xml.namespace=ALL-UNNAMED --enable-native-access=ALL-UNNAMED -XX:MaxMetaspaceSize=384m -XX:+HeapDumpOnOutOfMemoryError -Xms256m -Xmx512m -Dfile.encoding=UTF-8 -Duser.country=US -Duser.language=en -Duser.variant -javaagent:C:\Users\vuquo\.gradle\wrapper\dists\gradle-8.14.3-bin\cv11ve7ro1n3o1j4so8xd9n66\gradle-8.14.3\lib\agents\gradle-instrumentation-agent-8.14.3.jar 
java_command: org.gradle.launcher.daemon.bootstrap.GradleDaemon 8.14.3
java_class_path (initial): C:\Users\vuquo\.gradle\wrapper\dists\gradle-8.14.3-bin\cv11ve7ro1n3o1j4so8xd9n66\gradle-8.14.3\lib\gradle-daemon-main-8.14.3.jar
Launcher Type: SUN_STANDARD

[Global flags]
     intx CICompilerCount                          = 4                                         {product} {ergonomic}
   size_t CompressedClassSpaceSize                 = 335544320                                 {product} {ergonomic}
     uint ConcGCThreads                            = 3                                         {product} {ergonomic}
     uint G1ConcRefinementThreads                  = 10                                        {product} {ergonomic}
   size_t G1HeapRegionSize                         = 1048576                                   {product} {ergonomic}
     bool HeapDumpOnOutOfMemoryError               = true                                   {manageable} {command line}
   size_t InitialHeapSize                          = 268435456                                 {product} {command line}
   size_t MarkStackSize                            = 4194304                                   {product} {ergonomic}
   size_t MarkStackSizeMax                         = 536870912                                 {product} {ergonomic}
   size_t MaxHeapSize                              = 536870912                                 {product} {command line}
   size_t MaxMetaspaceSize                         = 402653184                                 {product} {command line}
   size_t MaxNewSize                               = 321912832                                 {product} {ergonomic}
   size_t MinHeapDeltaBytes                        = 1048576                                   {product} {ergonomic}
   size_t MinHeapSize                              = 268435456                                 {product} {command line}
    uintx NonNMethodCodeHeapSize                   = 5832704                                {pd product} {ergonomic}
    uintx NonProfiledCodeHeapSize                  = 122945536                              {pd product} {ergonomic}
    uintx ProfiledCodeHeapSize                     = 122880000                              {pd product} {ergonomic}
    uintx ReservedCodeCacheSize                    = 251658240                              {pd product} {ergonomic}
     bool SegmentedCodeCache                       = true                                      {product} {ergonomic}
   size_t SoftMaxHeapSize                          = 536870912                              {manageable} {ergonomic}
     bool UseCompressedOops                        = true                           {product lp64_product} {ergonomic}
     bool UseG1GC                                  = true                                      {product} {ergonomic}
     bool UseLargePagesIndividualAllocation        = false                                  {pd product} {ergonomic}

Logging:
Log output configuration:
 #0: stdout all=warning uptime,level,tags foldmultilines=false
 #1: stderr all=off uptime,level,tags foldmultilines=false

Environment Variables:
PATH=C:\Program Files\Common Files\Oracle\Java\javapath;C:\u01\app\oracle\product\21c\db_home\bin;D:\u01\app\oracle\product\21c\db_home\bin;D:\orcl21\app\oracle\product\21c\db_home\bin;C:\Program Files (x86)\VMware\VMware Workstation\bin\;C:\Windows\system32;C:\Windows;C:\Windows\System32\Wbem;C:\Windows\System32\WindowsPowerShell\v1.0\;C:\Windows\System32\OpenSSH\;C:\Program Files\dotnet\;C:\Program Files\Git\cmd;C:\Program Files\nodejs\;C:\Users\vuquo\AppData\Local\Programs\Python\Launcher\;C:\Program Files\MySQL\MySQL Shell 8.0\bin\;C:\Users\vuquo\AppData\Local\Microsoft\WindowsApps;C:\Users\vuquo\AppData\Local\Programs\Microsoft VS Code\bin;C:\Users\vuquo\AppData\Roaming\npm;C:\Program Files\JetBrains\IntelliJ IDEA 2025.1.3\bin;;C:\Users\vuquo\.dotnet\tools;D:\Antigravity\bin
USERNAME=vuquo
OS=Windows_NT
PROCESSOR_IDENTIFIER=Intel64 Family 6 Model 141 Stepping 1, GenuineIntel
TMP=C:\Users\vuquo\AppData\Local\Temp
TEMP=C:\Users\vuquo\AppData\Local\Temp




Periodic native trim disabled

---------------  S Y S T E M  ---------------

OS:
 Windows 11 , 64 bit Build 22621 (10.0.22621.3672)
OS uptime: 0 days 2:13 hours
Hyper-V role detected

CPU: total 12 (initial active 12) (6 cores per cpu, 2 threads per core) family 6 model 141 stepping 1 microcode 0x34, cx8, cmov, fxsr, ht, mmx, 3dnowpref, sse, sse2, sse3, ssse3, sse4.1, sse4.2, popcnt, lzcnt, tsc, tscinvbit, avx, avx2, aes, erms, clmul, bmi1, bmi2, adx, avx512f, avx512dq, avx512cd, avx512bw, avx512vl, sha, fma, vzeroupper, avx512_vpopcntdq, avx512_vpclmulqdq, avx512_vaes, avx512_vnni, clflush, clflushopt, clwb, avx512_vbmi2, avx512_vbmi, hv, rdtscp, rdpid, fsrm, gfni, avx512_bitalg, f16c, cet_ibt, cet_ss, avx512_ifma
Processor Information for the first 12 processors :
  Max Mhz: 2611, Current Mhz: 2611, Mhz Limit: 2611

Memory: 4k page, system-wide physical 7913M (346M free)
TotalPageFile size 15913M (AvailPageFile size 6M)
current process WorkingSet (physical memory assigned to process): 395M, peak: 449M
current process commit charge ("private bytes"): 542M, peak: 558M

vm_info: OpenJDK 64-Bit Server VM (24.0.1+9-30) for windows-amd64 JRE (24.0.1+9-30), built on 2025-03-05T07:23:45Z with MS VC++ 17.6 (VS2022)

END.
