#
# There is insufficient memory for the Java Runtime Environment to continue.
# Native memory allocation (malloc) failed to allocate 1052576 bytes. Error detail: Chunk::new
# Possible reasons:
#   The system is out of physical RAM or swap space
#   This process is running with CompressedOops enabled, and the Java Heap may be blocking the growth of the native heap
# Possible solutions:
#   Reduce memory load on the system
#   Increase physical memory or swap space
#   Check if swap backing store is full
#   Decrease Java heap size (-Xmx/-Xms)
#   Decrease number of Java threads
#   Decrease Java thread stack sizes (-Xss)
#   Set larger code cache with -XX:ReservedCodeCacheSize=
#   JVM is running with Unscaled Compressed Oops mode in which the Java heap is
#     placed in the first 4GB address space. The Java Heap base address is the
#     maximum limit for the native heap growth. Please use -XX:HeapBaseMinAddress
#     to set the Java Heap base and to place the Java Heap above 4GB virtual address.
# This output file may be truncated or incomplete.
#
#  Out of Memory Error (arena.cpp:162), pid=17360, tid=10388
#
# JRE version: OpenJDK Runtime Environment (24.0.1+9) (build 24.0.1+9-30)
# Java VM: OpenJDK 64-Bit Server VM (24.0.1+9-30, mixed mode, sharing, tiered, compressed oops, compressed class ptrs, g1 gc, windows-amd64)
# No core dump will be written. Minidumps are not enabled by default on client versions of Windows
#

---------------  S U M M A R Y ------------

Command Line: --add-opens=java.base/java.lang=ALL-UNNAMED --add-opens=java.base/java.lang.invoke=ALL-UNNAMED --add-opens=java.base/java.util=ALL-UNNAMED --add-opens=java.prefs/java.util.prefs=ALL-UNNAMED --add-exports=jdk.compiler/com.sun.tools.javac.api=ALL-UNNAMED --add-exports=jdk.compiler/com.sun.tools.javac.util=ALL-UNNAMED --add-opens=java.base/java.util=ALL-UNNAMED --add-opens=java.prefs/java.util.prefs=ALL-UNNAMED --add-opens=java.base/java.nio.charset=ALL-UNNAMED --add-opens=java.base/java.net=ALL-UNNAMED --add-opens=java.base/java.util.concurrent.atomic=ALL-UNNAMED --add-opens=java.xml/javax.xml.namespace=ALL-UNNAMED --enable-native-access=ALL-UNNAMED -XX:MaxMetaspaceSize=384m -XX:+HeapDumpOnOutOfMemoryError -Xms256m -Xmx512m -Dfile.encoding=UTF-8 -Duser.country=US -Duser.language=en -Duser.variant -javaagent:C:\Users\vuquo\.gradle\wrapper\dists\gradle-8.14.3-bin\cv11ve7ro1n3o1j4so8xd9n66\gradle-8.14.3\lib\agents\gradle-instrumentation-agent-8.14.3.jar org.gradle.launcher.daemon.bootstrap.GradleDaemon 8.14.3

Host: 11th Gen Intel(R) Core(TM) i5-11260H @ 2.60GHz, 12 cores, 7G,  Windows 11 , 64 bit Build 22621 (10.0.22621.3672)
Time: Thu Mar 26 03:05:51 2026 SE Asia Standard Time elapsed time: 1663.613132 seconds (0d 0h 27m 43s)

---------------  T H R E A D  ---------------

Current thread (0x00000245708da370):  JavaThread "C2 CompilerThread0" daemon [_thread_in_native, id=10388, stack(0x0000007b59e00000,0x0000007b59f00000) (1024K)]


Current CompileTask:
C2:1663613 18385   !   4       java.util.concurrent.ConcurrentHashMap::compute (654 bytes)

Stack: [0x0000007b59e00000,0x0000007b59f00000]
Native frames: (J=compiled Java code, j=interpreted, Vv=VM code, C=native code)
V  [jvm.dll+0x730739]  (no source info available)
V  [jvm.dll+0x8d9b23]  (no source info available)
V  [jvm.dll+0x8dc00d]  (no source info available)
V  [jvm.dll+0x8dc683]  (no source info available)
V  [jvm.dll+0x2aa086]  (no source info available)
V  [jvm.dll+0xcedef]  (no source info available)
V  [jvm.dll+0xcf04f]  (no source info available)
V  [jvm.dll+0x3201a1]  (no source info available)
V  [jvm.dll+0x64bb48]  (no source info available)
V  [jvm.dll+0x278334]  (no source info available)
V  [jvm.dll+0x27871c]  (no source info available)
V  [jvm.dll+0x2711de]  (no source info available)
V  [jvm.dll+0x26e942]  (no source info available)
V  [jvm.dll+0x1e9d60]  (no source info available)
V  [jvm.dll+0x27e1fb]  (no source info available)
V  [jvm.dll+0x27c49a]  (no source info available)
V  [jvm.dll+0x42f456]  (no source info available)
V  [jvm.dll+0x87d76b]  (no source info available)
V  [jvm.dll+0x72ee55]  (no source info available)
C  [ucrtbase.dll+0x29333]  (no source info available)
C  [KERNEL32.DLL+0x1257d]  (no source info available)
C  [ntdll.dll+0x5af28]  (no source info available)

Lock stack of current Java thread (top to bottom):


---------------  P R O C E S S  ---------------

Threads class SMR info:
_java_thread_list=0x00000245191372d0, length=77, elements={
0x0000024555330600, 0x00000245708cb2a0, 0x00000245708cbae0, 0x00000245708d3b50,
0x00000245708d4a30, 0x00000245708d5560, 0x00000245708d6830, 0x00000245708da370,
0x0000024519010080, 0x0000024519181010, 0x00000245191e0170, 0x000002451ab93ab0,
0x000002451adab9c0, 0x000002451ab280c0, 0x000002451ae31dd0, 0x000002451ae349b0,
0x000002451ae35850, 0x000002451ae366f0, 0x000002451ae31680, 0x000002451ae35100,
0x000002451ae33b10, 0x000002451ae30f30, 0x000002451ae34260, 0x000002451c9a6e20,
0x000002451c9a2500, 0x000002451c9a0f10, 0x000002451c9a7570, 0x000002451c9a07c0,
0x000002451ddf5790, 0x000002451ddf6d80, 0x000002451ddf41a0, 0x000002451dbc0790,
0x000002451dbc50b0, 0x0000024519052770, 0x000002451dbc5800, 0x000002451dbc3ac0,
0x000002451dbc4960, 0x000002451dbc2c20, 0x000002451dbc66a0, 0x000002451dbc7c90,
0x000002451dbc4210, 0x000002451dbc0ee0, 0x000002451dbc1630, 0x000002451dbc3370,
0x000002451cf6cde0, 0x000002451cf70110, 0x000002451cf725a0, 0x000002451cf71700,
0x000002451cf70860, 0x000002451cf73440, 0x000002451cf742e0, 0x000002451cf70fb0,
0x000002451cf72cf0, 0x000002451cf6d530, 0x000002451cf74a30, 0x000002451cf6dc80,
0x000002451cf75180, 0x000002451cf6e3d0, 0x000002451cf758d0, 0x000002451cf6f9c0,
0x000002451cf6eb20, 0x000002451cf76020, 0x000002451cf6f270, 0x000002451cf76770,
0x000002451cf7a1f0, 0x000002451cf76ec0, 0x000002451cf784b0, 0x000002451cf7b7e0,
0x000002451cf77610, 0x000002451cf77d60, 0x000002451cf78c00, 0x000002451cf79350,
0x000002451cf79aa0, 0x000002451cf7a940, 0x000002451cf7b090, 0x000002451969bd50,
0x000002451969b600
}

Java Threads: ( => current thread )
  0x0000024555330600 JavaThread "main"                              [_thread_blocked, id=10132, stack(0x0000007b59000000,0x0000007b59100000) (1024K)]
  0x00000245708cb2a0 JavaThread "Reference Handler"          daemon [_thread_blocked, id=16812, stack(0x0000007b59800000,0x0000007b59900000) (1024K)]
  0x00000245708cbae0 JavaThread "Finalizer"                  daemon [_thread_blocked, id=6792, stack(0x0000007b59900000,0x0000007b59a00000) (1024K)]
  0x00000245708d3b50 JavaThread "Signal Dispatcher"          daemon [_thread_blocked, id=15212, stack(0x0000007b59a00000,0x0000007b59b00000) (1024K)]
  0x00000245708d4a30 JavaThread "Attach Listener"            daemon [_thread_blocked, id=11072, stack(0x0000007b59b00000,0x0000007b59c00000) (1024K)]
  0x00000245708d5560 JavaThread "Service Thread"             daemon [_thread_blocked, id=16856, stack(0x0000007b59c00000,0x0000007b59d00000) (1024K)]
  0x00000245708d6830 JavaThread "Monitor Deflation Thread"   daemon [_thread_blocked, id=14888, stack(0x0000007b59d00000,0x0000007b59e00000) (1024K)]
=>0x00000245708da370 JavaThread "C2 CompilerThread0"         daemon [_thread_in_native, id=10388, stack(0x0000007b59e00000,0x0000007b59f00000) (1024K)]
  0x0000024519010080 JavaThread "C1 CompilerThread0"         daemon [_thread_blocked, id=8976, stack(0x0000007b59f00000,0x0000007b5a000000) (1024K)]
  0x0000024519181010 JavaThread "Common-Cleaner"             daemon [_thread_blocked, id=6252, stack(0x0000007b5a100000,0x0000007b5a200000) (1024K)]
  0x00000245191e0170 JavaThread "Notification Thread"        daemon [_thread_blocked, id=16940, stack(0x0000007b5a200000,0x0000007b5a300000) (1024K)]
  0x000002451ab93ab0 JavaThread "Daemon health stats"               [_thread_blocked, id=3268, stack(0x0000007b5a800000,0x0000007b5a900000) (1024K)]
  0x000002451adab9c0 JavaThread "Incoming local TCP Connector on port 63973"        [_thread_in_native, id=5932, stack(0x0000007b5a900000,0x0000007b5aa00000) (1024K)]
  0x000002451ab280c0 JavaThread "Daemon periodic checks"            [_thread_blocked, id=1804, stack(0x0000007b5aa00000,0x0000007b5ab00000) (1024K)]
  0x000002451ae31dd0 JavaThread "Cache worker for journal cache (C:\Users\vuquo\.gradle\caches\journal-1)"        [_thread_blocked, id=15468, stack(0x0000007b5a000000,0x0000007b5a100000) (1024K)]
  0x000002451ae349b0 JavaThread "File lock request listener"        [_thread_in_native, id=9784, stack(0x0000007b5b200000,0x0000007b5b300000) (1024K)]
  0x000002451ae35850 JavaThread "Cache worker for file hash cache (C:\Users\vuquo\.gradle\caches\8.14.3\fileHashes)"        [_thread_blocked, id=15656, stack(0x0000007b5b700000,0x0000007b5b800000) (1024K)]
  0x000002451ae366f0 JavaThread "File watcher server"        daemon [_thread_in_native, id=7428, stack(0x0000007b5bd00000,0x0000007b5be00000) (1024K)]
  0x000002451ae31680 JavaThread "File watcher consumer"      daemon [_thread_blocked, id=3292, stack(0x0000007b5be00000,0x0000007b5bf00000) (1024K)]
  0x000002451ae35100 JavaThread "jar transforms"                    [_thread_blocked, id=17980, stack(0x0000007b5b800000,0x0000007b5b900000) (1024K)]
  0x000002451ae33b10 JavaThread "jar transforms Thread 2"           [_thread_blocked, id=4628, stack(0x0000007b5bf00000,0x0000007b5c000000) (1024K)]
  0x000002451ae30f30 JavaThread "Cache worker for file content cache (C:\Users\vuquo\.gradle\caches\8.14.3\fileContent)"        [_thread_blocked, id=7656, stack(0x0000007b5c200000,0x0000007b5c300000) (1024K)]
  0x000002451ae34260 JavaThread "jar transforms Thread 3"           [_thread_blocked, id=13240, stack(0x0000007b5c300000,0x0000007b5c400000) (1024K)]
  0x000002451c9a6e20 JavaThread "jar transforms Thread 4"           [_thread_blocked, id=10092, stack(0x0000007b5ce00000,0x0000007b5cf00000) (1024K)]
  0x000002451c9a2500 JavaThread "jar transforms Thread 5"           [_thread_blocked, id=14680, stack(0x0000007b5cf00000,0x0000007b5d000000) (1024K)]
  0x000002451c9a0f10 JavaThread "jar transforms Thread 6"           [_thread_blocked, id=17028, stack(0x0000007b5d400000,0x0000007b5d500000) (1024K)]
  0x000002451c9a7570 JavaThread "jar transforms Thread 7"           [_thread_blocked, id=17844, stack(0x0000007b5d500000,0x0000007b5d600000) (1024K)]
  0x000002451c9a07c0 JavaThread "jar transforms Thread 8"           [_thread_blocked, id=308, stack(0x0000007b5d600000,0x0000007b5d700000) (1024K)]
  0x000002451ddf5790 JavaThread "jar transforms Thread 9"           [_thread_blocked, id=15580, stack(0x0000007b5d700000,0x0000007b5d800000) (1024K)]
  0x000002451ddf6d80 JavaThread "jar transforms Thread 10"          [_thread_blocked, id=2224, stack(0x0000007b5d800000,0x0000007b5d900000) (1024K)]
  0x000002451ddf41a0 JavaThread "jar transforms Thread 11"          [_thread_blocked, id=18264, stack(0x0000007b5d900000,0x0000007b5da00000) (1024K)]
  0x000002451dbc0790 JavaThread "Memory manager"                    [_thread_blocked, id=10472, stack(0x0000007b5fb00000,0x0000007b5fc00000) (1024K)]
  0x000002451dbc50b0 JavaThread "jar transforms Thread 12"          [_thread_blocked, id=9948, stack(0x0000007b5fc00000,0x0000007b5fd00000) (1024K)]
  0x0000024519052770 JavaThread "Cache worker for Java compile cache (C:\Users\vuquo\.gradle\caches\8.14.3\javaCompile)"        [_thread_blocked, id=7100, stack(0x0000007b62900000,0x0000007b62a00000) (1024K)]
  0x000002451dbc5800 JavaThread "Daemon Thread 9"                   [_thread_blocked, id=16068, stack(0x0000007b58d00000,0x0000007b58e00000) (1024K)]
  0x000002451dbc3ac0 JavaThread "Daemon Thread 10"                  [_thread_blocked, id=15380, stack(0x0000007b58e00000,0x0000007b58f00000) (1024K)]
  0x000002451dbc4960 JavaThread "Handler for socket connection from /127.0.0.1:63973 to /127.0.0.1:63245"        [_thread_in_native, id=13808, stack(0x0000007b5ab00000,0x0000007b5ac00000) (1024K)]
  0x000002451dbc2c20 JavaThread "Cancel handler"                    [_thread_blocked, id=15916, stack(0x0000007b5ac00000,0x0000007b5ad00000) (1024K)]
  0x000002451dbc66a0 JavaThread "Daemon worker Thread 8"            [_thread_in_Java, id=16560, stack(0x0000007b5ad00000,0x0000007b5ae00000) (1024K)]
  0x000002451dbc7c90 JavaThread "Asynchronous log dispatcher for DefaultDaemonConnection: socket connection from /127.0.0.1:63973 to /127.0.0.1:63245"        [_thread_blocked, id=17268, stack(0x0000007b58f00000,0x0000007b59000000) (1024K)]
  0x000002451dbc4210 JavaThread "Stdin handler"                     [_thread_blocked, id=14396, stack(0x0000007b5ae00000,0x0000007b5af00000) (1024K)]
  0x000002451dbc0ee0 JavaThread "Daemon client event forwarder"        [_thread_blocked, id=7088, stack(0x0000007b5af00000,0x0000007b5b000000) (1024K)]
  0x000002451dbc1630 JavaThread "Cache worker for file hash cache (D:\codegym\module-4\PTT_Module5_Team2\.gradle\8.14.3\fileHashes)"        [_thread_blocked, id=10684, stack(0x0000007b5b000000,0x0000007b5b100000) (1024K)]
  0x000002451dbc3370 JavaThread "Cache worker for Build Output Cleanup Cache (D:\codegym\module-4\PTT_Module5_Team2\.gradle\buildOutputCleanup)"        [_thread_blocked, id=2068, stack(0x0000007b5b100000,0x0000007b5b200000) (1024K)]
  0x000002451cf6cde0 JavaThread "Cache worker for checksums cache (D:\codegym\module-4\PTT_Module5_Team2\.gradle\8.14.3\checksums)"        [_thread_blocked, id=14232, stack(0x0000007b5bb00000,0x0000007b5bc00000) (1024K)]
  0x000002451cf70110 JavaThread "Cache worker for cache directory md-supplier (C:\Users\vuquo\.gradle\caches\8.14.3\md-supplier)"        [_thread_blocked, id=11784, stack(0x0000007b5bc00000,0x0000007b5bd00000) (1024K)]
  0x000002451cf725a0 JavaThread "Cache worker for cache directory md-rule (C:\Users\vuquo\.gradle\caches\8.14.3\md-rule)"        [_thread_blocked, id=16672, stack(0x0000007b5c000000,0x0000007b5c100000) (1024K)]
  0x000002451cf71700 JavaThread "Unconstrained build operations"        [_thread_blocked, id=11780, stack(0x0000007b5c100000,0x0000007b5c200000) (1024K)]
  0x000002451cf70860 JavaThread "Unconstrained build operations Thread 2"        [_thread_blocked, id=13868, stack(0x0000007b5c400000,0x0000007b5c500000) (1024K)]
  0x000002451cf73440 JavaThread "Unconstrained build operations Thread 3"        [_thread_blocked, id=17440, stack(0x0000007b5c500000,0x0000007b5c600000) (1024K)]
  0x000002451cf742e0 JavaThread "Unconstrained build operations Thread 4"        [_thread_blocked, id=5196, stack(0x0000007b5c600000,0x0000007b5c700000) (1024K)]
  0x000002451cf70fb0 JavaThread "Unconstrained build operations Thread 5"        [_thread_blocked, id=3784, stack(0x0000007b5c700000,0x0000007b5c800000) (1024K)]
  0x000002451cf72cf0 JavaThread "Unconstrained build operations Thread 6"        [_thread_blocked, id=7104, stack(0x0000007b5c800000,0x0000007b5c900000) (1024K)]
  0x000002451cf6d530 JavaThread "Unconstrained build operations Thread 7"        [_thread_blocked, id=13212, stack(0x0000007b5c900000,0x0000007b5ca00000) (1024K)]
  0x000002451cf74a30 JavaThread "Unconstrained build operations Thread 8"        [_thread_blocked, id=18256, stack(0x0000007b5ca00000,0x0000007b5cb00000) (1024K)]
  0x000002451cf6dc80 JavaThread "Unconstrained build operations Thread 9"        [_thread_blocked, id=8520, stack(0x0000007b5cb00000,0x0000007b5cc00000) (1024K)]
  0x000002451cf75180 JavaThread "Unconstrained build operations Thread 10"        [_thread_blocked, id=15892, stack(0x0000007b5cc00000,0x0000007b5cd00000) (1024K)]
  0x000002451cf6e3d0 JavaThread "Unconstrained build operations Thread 11"        [_thread_blocked, id=15396, stack(0x0000007b5cd00000,0x0000007b5ce00000) (1024K)]
  0x000002451cf758d0 JavaThread "Unconstrained build operations Thread 12"        [_thread_blocked, id=14600, stack(0x0000007b5d000000,0x0000007b5d100000) (1024K)]
  0x000002451cf6f9c0 JavaThread "Unconstrained build operations Thread 13"        [_thread_blocked, id=19388, stack(0x0000007b5d100000,0x0000007b5d200000) (1024K)]
  0x000002451cf6eb20 JavaThread "Unconstrained build operations Thread 14"        [_thread_blocked, id=12888, stack(0x0000007b5d200000,0x0000007b5d300000) (1024K)]
  0x000002451cf76020 JavaThread "Unconstrained build operations Thread 15"        [_thread_blocked, id=9548, stack(0x0000007b5d300000,0x0000007b5d400000) (1024K)]
  0x000002451cf6f270 JavaThread "Unconstrained build operations Thread 16"        [_thread_blocked, id=8848, stack(0x0000007b5da00000,0x0000007b5db00000) (1024K)]
  0x000002451cf76770 JavaThread "Unconstrained build operations Thread 17"        [_thread_blocked, id=9876, stack(0x0000007b5db00000,0x0000007b5dc00000) (1024K)]
  0x000002451cf7a1f0 JavaThread "Unconstrained build operations Thread 18"        [_thread_blocked, id=7472, stack(0x0000007b5dc00000,0x0000007b5dd00000) (1024K)]
  0x000002451cf76ec0 JavaThread "Unconstrained build operations Thread 19"        [_thread_blocked, id=10292, stack(0x0000007b5dd00000,0x0000007b5de00000) (1024K)]
  0x000002451cf784b0 JavaThread "Unconstrained build operations Thread 20"        [_thread_blocked, id=2424, stack(0x0000007b5de00000,0x0000007b5df00000) (1024K)]
  0x000002451cf7b7e0 JavaThread "Unconstrained build operations Thread 21"        [_thread_blocked, id=10108, stack(0x0000007b5df00000,0x0000007b5e000000) (1024K)]
  0x000002451cf77610 JavaThread "Unconstrained build operations Thread 22"        [_thread_blocked, id=744, stack(0x0000007b5e000000,0x0000007b5e100000) (1024K)]
  0x000002451cf77d60 JavaThread "Unconstrained build operations Thread 23"        [_thread_blocked, id=17512, stack(0x0000007b5e100000,0x0000007b5e200000) (1024K)]
  0x000002451cf78c00 JavaThread "Unconstrained build operations Thread 24"        [_thread_blocked, id=10040, stack(0x0000007b5e200000,0x0000007b5e300000) (1024K)]
  0x000002451cf79350 JavaThread "Unconstrained build operations Thread 25"        [_thread_blocked, id=12840, stack(0x0000007b5e300000,0x0000007b5e400000) (1024K)]
  0x000002451cf79aa0 JavaThread "Unconstrained build operations Thread 26"        [_thread_blocked, id=12740, stack(0x0000007b5e400000,0x0000007b5e500000) (1024K)]
  0x000002451cf7a940 JavaThread "Unconstrained build operations Thread 27"        [_thread_blocked, id=13024, stack(0x0000007b5e500000,0x0000007b5e600000) (1024K)]
  0x000002451cf7b090 JavaThread "Unconstrained build operations Thread 28"        [_thread_blocked, id=18416, stack(0x0000007b5e600000,0x0000007b5e700000) (1024K)]
  0x000002451969bd50 JavaThread "Unconstrained build operations Thread 29"        [_thread_blocked, id=12968, stack(0x0000007b5e700000,0x0000007b5e800000) (1024K)]
  0x000002451969b600 JavaThread "Unconstrained build operations Thread 30"        [_thread_blocked, id=13864, stack(0x0000007b5e800000,0x0000007b5e900000) (1024K)]
Total: 77

Other Threads:
  0x00000245708bb8a0 VMThread "VM Thread"                           [id=2996, stack(0x0000007b59700000,0x0000007b59800000) (1024K)]
  0x00000245708af510 WatcherThread "VM Periodic Task Thread"        [id=3700, stack(0x0000007b59600000,0x0000007b59700000) (1024K)]
  0x000002455535bb40 WorkerThread "GC Thread#0"                     [id=3960, stack(0x0000007b59100000,0x0000007b59200000) (1024K)]
  0x000002451a0e6b30 WorkerThread "GC Thread#1"                     [id=12120, stack(0x0000007b5a300000,0x0000007b5a400000) (1024K)]
  0x000002451a29bed0 WorkerThread "GC Thread#2"                     [id=5012, stack(0x0000007b5a400000,0x0000007b5a500000) (1024K)]
  0x000002451a29c280 WorkerThread "GC Thread#3"                     [id=16452, stack(0x0000007b5a500000,0x0000007b5a600000) (1024K)]
  0x000002451a29c630 WorkerThread "GC Thread#4"                     [id=3236, stack(0x0000007b5a600000,0x0000007b5a700000) (1024K)]
  0x000002451a2a0330 WorkerThread "GC Thread#5"                     [id=11188, stack(0x0000007b5a700000,0x0000007b5a800000) (1024K)]
  0x000002451adf3610 WorkerThread "GC Thread#6"                     [id=10284, stack(0x0000007b5b300000,0x0000007b5b400000) (1024K)]
  0x000002451afe8140 WorkerThread "GC Thread#7"                     [id=3772, stack(0x0000007b5b400000,0x0000007b5b500000) (1024K)]
  0x000002451afe7c90 WorkerThread "GC Thread#8"                     [id=17160, stack(0x0000007b5b500000,0x0000007b5b600000) (1024K)]
  0x000002451afe78e0 WorkerThread "GC Thread#9"                     [id=12452, stack(0x0000007b5b600000,0x0000007b5b700000) (1024K)]
  0x0000024555361ac0 ConcurrentGCThread "G1 Main Marker"            [id=7132, stack(0x0000007b59200000,0x0000007b59300000) (1024K)]
  0x0000024555362380 WorkerThread "G1 Conc#0"                       [id=7780, stack(0x0000007b59300000,0x0000007b59400000) (1024K)]
  0x000002451afe7530 WorkerThread "G1 Conc#1"                       [id=8748, stack(0x0000007b5b900000,0x0000007b5ba00000) (1024K)]
  0x000002451cd6a500 WorkerThread "G1 Conc#2"                       [id=19300, stack(0x0000007b5ba00000,0x0000007b5bb00000) (1024K)]
  0x00000245553ee130 ConcurrentGCThread "G1 Refine#0"               [id=17740, stack(0x0000007b59400000,0x0000007b59500000) (1024K)]
  0x00000245553eea60 ConcurrentGCThread "G1 Service"                [id=4880, stack(0x0000007b59500000,0x0000007b59600000) (1024K)]
Total: 18

Threads with active compile tasks:
C2 CompilerThread0  1663734 18385   !   4       java.util.concurrent.ConcurrentHashMap::compute (654 bytes)
Total: 1

VM state: not at safepoint (normal execution)

VM Mutex/Monitor currently owned by a thread: None

Heap address: 0x00000000e0000000, size: 512 MB, Compressed Oops mode: 32-bit

CDS archive(s) mapped at: [0x0000024500000000-0x0000024500d40000-0x0000024500d40000), size 13893632, SharedBaseAddress: 0x0000024500000000, ArchiveRelocationMode: 1.
Compressed class space mapped at: 0x0000024501000000-0x0000024515000000, reserved size: 335544320
UseCompressedClassPointers 1, UseCompactObjectHeaders 0
Narrow klass pointer bits 32, Max shift 3
Narrow klass base: 0x0000024500000000, Narrow klass shift: 0
Encoding Range: [0x0000024500000000 - 0x0000024600000000), (4294967296 bytes)
Klass Range:    [0x0000024500000000 - 0x0000024515000000), (352321536 bytes)
Klass ID Range:  [8 - 352321529) (352321521)

GC Precious Log:
 CardTable entry size: 512
 Card Set container configuration: InlinePtr #cards 5 size 8 Array Of Cards #cards 10 size 36 Howl #buckets 4 coarsen threshold 1843 Howl Bitmap #cards 512 size 80 coarsen threshold 460 Card regions per heap region 1 cards per card region 2048
 CPUs: 12 total, 12 available
 Memory: 7913M
 Large Page Support: Disabled
 NUMA Support: Disabled
 Compressed Oops: Enabled (32-bit)
 Heap Region Size: 1M
 Heap Min Capacity: 256M
 Heap Initial Capacity: 256M
 Heap Max Capacity: 512M
 Pre-touch: Disabled
 Parallel Workers: 10
 Concurrent Workers: 3
 Concurrent Refinement Workers: 10
 Periodic GC: Disabled

Heap:
 garbage-first heap   total reserved 524288K, committed 262144K, used 137188K [0x00000000e0000000, 0x0000000100000000)
  region size 1024K, 71 young (72704K), 10 survivors (10240K)
 Metaspace       used 68260K, committed 71744K, reserved 393216K
  class space    used 7394K, committed 8896K, reserved 327680K

Heap Regions: E=young(eden), S=young(survivor), O=old, HS=humongous(starts), HC=humongous(continues), CS=collection set, F=free, TAMS=top-at-mark-start, PB=parsable bottom
|   0|0x00000000e0000000, 0x00000000e0100000, 0x00000000e0100000|100%|HS|  |TAMS 0x00000000e0000000| PB 0x00000000e0000000| Complete |  0
|   1|0x00000000e0100000, 0x00000000e0200000, 0x00000000e0200000|100%|HC|  |TAMS 0x00000000e0100000| PB 0x00000000e0100000| Complete |  0
|   2|0x00000000e0200000, 0x00000000e0300000, 0x00000000e0300000|100%|HC|  |TAMS 0x00000000e0200000| PB 0x00000000e0200000| Complete |  0
|   3|0x00000000e0300000, 0x00000000e0400000, 0x00000000e0400000|100%| O|  |TAMS 0x00000000e0300000| PB 0x00000000e0300000| Untracked |  0
|   4|0x00000000e0400000, 0x00000000e0500000, 0x00000000e0500000|100%| O|  |TAMS 0x00000000e0400000| PB 0x00000000e0400000| Untracked |  0
|   5|0x00000000e0500000, 0x00000000e0600000, 0x00000000e0600000|100%|HS|  |TAMS 0x00000000e0500000| PB 0x00000000e0500000| Complete |  0
|   6|0x00000000e0600000, 0x00000000e0700000, 0x00000000e0700000|100%| O|  |TAMS 0x00000000e0600000| PB 0x00000000e0600000| Untracked |  0
|   7|0x00000000e0700000, 0x00000000e0800000, 0x00000000e0800000|100%| O|  |TAMS 0x00000000e0700000| PB 0x00000000e0700000| Untracked |  0
|   8|0x00000000e0800000, 0x00000000e0900000, 0x00000000e0900000|100%| O|  |TAMS 0x00000000e0800000| PB 0x00000000e0800000| Untracked |  0
|   9|0x00000000e0900000, 0x00000000e0a00000, 0x00000000e0a00000|100%| O|  |TAMS 0x00000000e0900000| PB 0x00000000e0900000| Untracked |  0
|  10|0x00000000e0a00000, 0x00000000e0b00000, 0x00000000e0b00000|100%| O|  |TAMS 0x00000000e0a00000| PB 0x00000000e0a00000| Untracked |  0
|  11|0x00000000e0b00000, 0x00000000e0c00000, 0x00000000e0c00000|100%| O|  |TAMS 0x00000000e0b00000| PB 0x00000000e0b00000| Untracked |  0
|  12|0x00000000e0c00000, 0x00000000e0d00000, 0x00000000e0d00000|100%| O|  |TAMS 0x00000000e0c00000| PB 0x00000000e0c00000| Untracked |  0
|  13|0x00000000e0d00000, 0x00000000e0e00000, 0x00000000e0e00000|100%| O|  |TAMS 0x00000000e0d00000| PB 0x00000000e0d00000| Untracked |  0
|  14|0x00000000e0e00000, 0x00000000e0f00000, 0x00000000e0f00000|100%| O|  |TAMS 0x00000000e0e00000| PB 0x00000000e0e00000| Untracked |  0
|  15|0x00000000e0f00000, 0x00000000e1000000, 0x00000000e1000000|100%| O|  |TAMS 0x00000000e0f00000| PB 0x00000000e0f00000| Untracked |  0
|  16|0x00000000e1000000, 0x00000000e1100000, 0x00000000e1100000|100%| O|  |TAMS 0x00000000e1000000| PB 0x00000000e1000000| Untracked |  0
|  17|0x00000000e1100000, 0x00000000e1200000, 0x00000000e1200000|100%| O|  |TAMS 0x00000000e1100000| PB 0x00000000e1100000| Untracked |  0
|  18|0x00000000e1200000, 0x00000000e1300000, 0x00000000e1300000|100%| O|  |TAMS 0x00000000e1200000| PB 0x00000000e1200000| Untracked |  0
|  19|0x00000000e1300000, 0x00000000e1400000, 0x00000000e1400000|100%| O|  |TAMS 0x00000000e1300000| PB 0x00000000e1300000| Untracked |  0
|  20|0x00000000e1400000, 0x00000000e1500000, 0x00000000e1500000|100%| O|  |TAMS 0x00000000e1400000| PB 0x00000000e1400000| Untracked |  0
|  21|0x00000000e1500000, 0x00000000e1600000, 0x00000000e1600000|100%| O|  |TAMS 0x00000000e1500000| PB 0x00000000e1500000| Untracked |  0
|  22|0x00000000e1600000, 0x00000000e1700000, 0x00000000e1700000|100%| O|  |TAMS 0x00000000e1600000| PB 0x00000000e1600000| Untracked |  0
|  23|0x00000000e1700000, 0x00000000e1800000, 0x00000000e1800000|100%| O|  |TAMS 0x00000000e1700000| PB 0x00000000e1700000| Untracked |  0
|  24|0x00000000e1800000, 0x00000000e1900000, 0x00000000e1900000|100%| O|  |TAMS 0x00000000e1800000| PB 0x00000000e1800000| Untracked |  0
|  25|0x00000000e1900000, 0x00000000e1a00000, 0x00000000e1a00000|100%| O|  |TAMS 0x00000000e1900000| PB 0x00000000e1900000| Untracked |  0
|  26|0x00000000e1a00000, 0x00000000e1b00000, 0x00000000e1b00000|100%| O|  |TAMS 0x00000000e1a00000| PB 0x00000000e1a00000| Untracked |  0
|  27|0x00000000e1b00000, 0x00000000e1c00000, 0x00000000e1c00000|100%| O|  |TAMS 0x00000000e1b00000| PB 0x00000000e1b00000| Untracked |  0
|  28|0x00000000e1c00000, 0x00000000e1d00000, 0x00000000e1d00000|100%| O|  |TAMS 0x00000000e1c00000| PB 0x00000000e1c00000| Untracked |  0
|  29|0x00000000e1d00000, 0x00000000e1e00000, 0x00000000e1e00000|100%| O|  |TAMS 0x00000000e1d00000| PB 0x00000000e1d00000| Untracked |  0
|  30|0x00000000e1e00000, 0x00000000e1f00000, 0x00000000e1f00000|100%| O|  |TAMS 0x00000000e1e00000| PB 0x00000000e1e00000| Untracked |  0
|  31|0x00000000e1f00000, 0x00000000e2000000, 0x00000000e2000000|100%| O|  |TAMS 0x00000000e1f00000| PB 0x00000000e1f00000| Untracked |  0
|  32|0x00000000e2000000, 0x00000000e2100000, 0x00000000e2100000|100%| O|  |TAMS 0x00000000e2000000| PB 0x00000000e2000000| Untracked |  0
|  33|0x00000000e2100000, 0x00000000e2200000, 0x00000000e2200000|100%| O|  |TAMS 0x00000000e2100000| PB 0x00000000e2100000| Untracked |  0
|  34|0x00000000e2200000, 0x00000000e2300000, 0x00000000e2300000|100%| O|  |TAMS 0x00000000e2200000| PB 0x00000000e2200000| Untracked |  0
|  35|0x00000000e2300000, 0x00000000e2300000, 0x00000000e2400000|  0%| F|  |TAMS 0x00000000e2300000| PB 0x00000000e2300000| Untracked |  0
|  36|0x00000000e2400000, 0x00000000e2500000, 0x00000000e2500000|100%| O|  |TAMS 0x00000000e2400000| PB 0x00000000e2400000| Untracked |  0
|  37|0x00000000e2500000, 0x00000000e2600000, 0x00000000e2600000|100%| O|  |TAMS 0x00000000e2500000| PB 0x00000000e2500000| Untracked |  0
|  38|0x00000000e2600000, 0x00000000e2700000, 0x00000000e2700000|100%| O|  |TAMS 0x00000000e2600000| PB 0x00000000e2600000| Untracked |  0
|  39|0x00000000e2700000, 0x00000000e2800000, 0x00000000e2800000|100%| O|  |TAMS 0x00000000e2700000| PB 0x00000000e2700000| Untracked |  0
|  40|0x00000000e2800000, 0x00000000e2800000, 0x00000000e2900000|  0%| F|  |TAMS 0x00000000e2800000| PB 0x00000000e2800000| Untracked |  0
|  41|0x00000000e2900000, 0x00000000e2a00000, 0x00000000e2a00000|100%| O|  |TAMS 0x00000000e2900000| PB 0x00000000e2900000| Untracked |  0
|  42|0x00000000e2a00000, 0x00000000e2b00000, 0x00000000e2b00000|100%| O|  |TAMS 0x00000000e2a00000| PB 0x00000000e2a00000| Untracked |  0
|  43|0x00000000e2b00000, 0x00000000e2b00000, 0x00000000e2c00000|  0%| F|  |TAMS 0x00000000e2b00000| PB 0x00000000e2b00000| Untracked |  0
|  44|0x00000000e2c00000, 0x00000000e2d00000, 0x00000000e2d00000|100%| O|  |TAMS 0x00000000e2c00000| PB 0x00000000e2c00000| Untracked |  0
|  45|0x00000000e2d00000, 0x00000000e2e00000, 0x00000000e2e00000|100%| O|  |TAMS 0x00000000e2d00000| PB 0x00000000e2d00000| Untracked |  0
|  46|0x00000000e2e00000, 0x00000000e2f00000, 0x00000000e2f00000|100%| O|  |TAMS 0x00000000e2e00000| PB 0x00000000e2e00000| Untracked |  0
|  47|0x00000000e2f00000, 0x00000000e3000000, 0x00000000e3000000|100%| O|  |TAMS 0x00000000e2f00000| PB 0x00000000e2f00000| Untracked |  0
|  48|0x00000000e3000000, 0x00000000e3100000, 0x00000000e3100000|100%| O|  |TAMS 0x00000000e3000000| PB 0x00000000e3000000| Untracked |  0
|  49|0x00000000e3100000, 0x00000000e3200000, 0x00000000e3200000|100%| O|  |TAMS 0x00000000e3100000| PB 0x00000000e3100000| Untracked |  0
|  50|0x00000000e3200000, 0x00000000e3300000, 0x00000000e3300000|100%| O|  |TAMS 0x00000000e3200000| PB 0x00000000e3200000| Untracked |  0
|  51|0x00000000e3300000, 0x00000000e3400000, 0x00000000e3400000|100%| O|Cm|TAMS 0x00000000e3300000| PB 0x00000000e3300000| Complete |  0
|  52|0x00000000e3400000, 0x00000000e3500000, 0x00000000e3500000|100%| O|Cm|TAMS 0x00000000e3400000| PB 0x00000000e3400000| Complete |  0
|  53|0x00000000e3500000, 0x00000000e3600000, 0x00000000e3600000|100%| O|Cm|TAMS 0x00000000e3500000| PB 0x00000000e3500000| Complete |  0
|  54|0x00000000e3600000, 0x00000000e3700000, 0x00000000e3700000|100%| O|  |TAMS 0x00000000e3600000| PB 0x00000000e3600000| Untracked |  0
|  55|0x00000000e3700000, 0x00000000e3800000, 0x00000000e3800000|100%| O|  |TAMS 0x00000000e3700000| PB 0x00000000e3700000| Untracked |  0
|  56|0x00000000e3800000, 0x00000000e3900000, 0x00000000e3900000|100%| O|  |TAMS 0x00000000e3800000| PB 0x00000000e3800000| Untracked |  0
|  57|0x00000000e3900000, 0x00000000e3a00000, 0x00000000e3a00000|100%| O|  |TAMS 0x00000000e3900000| PB 0x00000000e3900000| Untracked |  0
|  58|0x00000000e3a00000, 0x00000000e3b00000, 0x00000000e3b00000|100%| O|  |TAMS 0x00000000e3a00000| PB 0x00000000e3a00000| Untracked |  0
|  59|0x00000000e3b00000, 0x00000000e3c00000, 0x00000000e3c00000|100%| O|  |TAMS 0x00000000e3b00000| PB 0x00000000e3b00000| Untracked |  0
|  60|0x00000000e3c00000, 0x00000000e3d00000, 0x00000000e3d00000|100%| O|  |TAMS 0x00000000e3c00000| PB 0x00000000e3c00000| Untracked |  0
|  61|0x00000000e3d00000, 0x00000000e3e00000, 0x00000000e3e00000|100%| O|  |TAMS 0x00000000e3d00000| PB 0x00000000e3d00000| Untracked |  0
|  62|0x00000000e3e00000, 0x00000000e3f00000, 0x00000000e3f00000|100%| O|  |TAMS 0x00000000e3e00000| PB 0x00000000e3e00000| Untracked |  0
|  63|0x00000000e3f00000, 0x00000000e4000000, 0x00000000e4000000|100%| O|  |TAMS 0x00000000e3f00000| PB 0x00000000e3f00000| Untracked |  0
|  64|0x00000000e4000000, 0x00000000e4100000, 0x00000000e4100000|100%| O|Cm|TAMS 0x00000000e4000000| PB 0x00000000e4000000| Complete |  0
|  65|0x00000000e4100000, 0x00000000e4200000, 0x00000000e4200000|100%| O|  |TAMS 0x00000000e4100000| PB 0x00000000e4100000| Untracked |  0
|  66|0x00000000e4200000, 0x00000000e4300000, 0x00000000e4300000|100%| O|  |TAMS 0x00000000e4200000| PB 0x00000000e4200000| Untracked |  0
|  67|0x00000000e4300000, 0x00000000e437cd28, 0x00000000e4400000| 48%| O|  |TAMS 0x00000000e4300000| PB 0x00000000e4300000| Untracked |  0
|  68|0x00000000e4400000, 0x00000000e4400000, 0x00000000e4500000|  0%| F|  |TAMS 0x00000000e4400000| PB 0x00000000e4400000| Untracked |  0
|  69|0x00000000e4500000, 0x00000000e4500000, 0x00000000e4600000|  0%| F|  |TAMS 0x00000000e4500000| PB 0x00000000e4500000| Untracked |  0
|  70|0x00000000e4600000, 0x00000000e4600000, 0x00000000e4700000|  0%| F|  |TAMS 0x00000000e4600000| PB 0x00000000e4600000| Untracked |  0
|  71|0x00000000e4700000, 0x00000000e4700000, 0x00000000e4800000|  0%| F|  |TAMS 0x00000000e4700000| PB 0x00000000e4700000| Untracked |  0
|  72|0x00000000e4800000, 0x00000000e4800000, 0x00000000e4900000|  0%| F|  |TAMS 0x00000000e4800000| PB 0x00000000e4800000| Untracked |  0
|  73|0x00000000e4900000, 0x00000000e4900000, 0x00000000e4a00000|  0%| F|  |TAMS 0x00000000e4900000| PB 0x00000000e4900000| Untracked |  0
|  74|0x00000000e4a00000, 0x00000000e4a00000, 0x00000000e4b00000|  0%| F|  |TAMS 0x00000000e4a00000| PB 0x00000000e4a00000| Untracked |  0
|  75|0x00000000e4b00000, 0x00000000e4b00000, 0x00000000e4c00000|  0%| F|  |TAMS 0x00000000e4b00000| PB 0x00000000e4b00000| Untracked |  0
|  76|0x00000000e4c00000, 0x00000000e4c00000, 0x00000000e4d00000|  0%| F|  |TAMS 0x00000000e4c00000| PB 0x00000000e4c00000| Untracked |  0
|  77|0x00000000e4d00000, 0x00000000e4d00000, 0x00000000e4e00000|  0%| F|  |TAMS 0x00000000e4d00000| PB 0x00000000e4d00000| Untracked |  0
|  78|0x00000000e4e00000, 0x00000000e4e00000, 0x00000000e4f00000|  0%| F|  |TAMS 0x00000000e4e00000| PB 0x00000000e4e00000| Untracked |  0
|  79|0x00000000e4f00000, 0x00000000e4f00000, 0x00000000e5000000|  0%| F|  |TAMS 0x00000000e4f00000| PB 0x00000000e4f00000| Untracked |  0
|  80|0x00000000e5000000, 0x00000000e5000000, 0x00000000e5100000|  0%| F|  |TAMS 0x00000000e5000000| PB 0x00000000e5000000| Untracked |  0
|  81|0x00000000e5100000, 0x00000000e5100000, 0x00000000e5200000|  0%| F|  |TAMS 0x00000000e5100000| PB 0x00000000e5100000| Untracked |  0
|  82|0x00000000e5200000, 0x00000000e5200000, 0x00000000e5300000|  0%| F|  |TAMS 0x00000000e5200000| PB 0x00000000e5200000| Untracked |  0
|  83|0x00000000e5300000, 0x00000000e5300000, 0x00000000e5400000|  0%| F|  |TAMS 0x00000000e5300000| PB 0x00000000e5300000| Untracked |  0
|  84|0x00000000e5400000, 0x00000000e5400000, 0x00000000e5500000|  0%| F|  |TAMS 0x00000000e5400000| PB 0x00000000e5400000| Untracked |  0
|  85|0x00000000e5500000, 0x00000000e5500000, 0x00000000e5600000|  0%| F|  |TAMS 0x00000000e5500000| PB 0x00000000e5500000| Untracked |  0
|  86|0x00000000e5600000, 0x00000000e5600000, 0x00000000e5700000|  0%| F|  |TAMS 0x00000000e5600000| PB 0x00000000e5600000| Untracked |  0
|  87|0x00000000e5700000, 0x00000000e5700000, 0x00000000e5800000|  0%| F|  |TAMS 0x00000000e5700000| PB 0x00000000e5700000| Untracked |  0
|  88|0x00000000e5800000, 0x00000000e5800000, 0x00000000e5900000|  0%| F|  |TAMS 0x00000000e5800000| PB 0x00000000e5800000| Untracked |  0
|  89|0x00000000e5900000, 0x00000000e5900000, 0x00000000e5a00000|  0%| F|  |TAMS 0x00000000e5900000| PB 0x00000000e5900000| Untracked |  0
|  90|0x00000000e5a00000, 0x00000000e5a00000, 0x00000000e5b00000|  0%| F|  |TAMS 0x00000000e5a00000| PB 0x00000000e5a00000| Untracked |  0
|  91|0x00000000e5b00000, 0x00000000e5b00000, 0x00000000e5c00000|  0%| F|  |TAMS 0x00000000e5b00000| PB 0x00000000e5b00000| Untracked |  0
|  92|0x00000000e5c00000, 0x00000000e5c7c4c0, 0x00000000e5d00000| 48%| S|CS|TAMS 0x00000000e5c00000| PB 0x00000000e5c00000| Complete |  0
|  93|0x00000000e5d00000, 0x00000000e5e00000, 0x00000000e5e00000|100%| S|CS|TAMS 0x00000000e5d00000| PB 0x00000000e5d00000| Complete |  0
|  94|0x00000000e5e00000, 0x00000000e5f00000, 0x00000000e5f00000|100%| S|CS|TAMS 0x00000000e5e00000| PB 0x00000000e5e00000| Complete |  0
|  95|0x00000000e5f00000, 0x00000000e5f00000, 0x00000000e6000000|  0%| F|  |TAMS 0x00000000e5f00000| PB 0x00000000e5f00000| Untracked |  0
|  96|0x00000000e6000000, 0x00000000e6000000, 0x00000000e6100000|  0%| F|  |TAMS 0x00000000e6000000| PB 0x00000000e6000000| Untracked |  0
|  97|0x00000000e6100000, 0x00000000e6100000, 0x00000000e6200000|  0%| F|  |TAMS 0x00000000e6100000| PB 0x00000000e6100000| Untracked |  0
|  98|0x00000000e6200000, 0x00000000e6200000, 0x00000000e6300000|  0%| F|  |TAMS 0x00000000e6200000| PB 0x00000000e6200000| Untracked |  0
|  99|0x00000000e6300000, 0x00000000e6300000, 0x00000000e6400000|  0%| F|  |TAMS 0x00000000e6300000| PB 0x00000000e6300000| Untracked |  0
| 100|0x00000000e6400000, 0x00000000e6400000, 0x00000000e6500000|  0%| F|  |TAMS 0x00000000e6400000| PB 0x00000000e6400000| Untracked |  0
| 101|0x00000000e6500000, 0x00000000e6500000, 0x00000000e6600000|  0%| F|  |TAMS 0x00000000e6500000| PB 0x00000000e6500000| Untracked |  0
| 102|0x00000000e6600000, 0x00000000e6700000, 0x00000000e6700000|100%| S|CS|TAMS 0x00000000e6600000| PB 0x00000000e6600000| Complete |  0
| 103|0x00000000e6700000, 0x00000000e6800000, 0x00000000e6800000|100%| S|CS|TAMS 0x00000000e6700000| PB 0x00000000e6700000| Complete |  0
| 104|0x00000000e6800000, 0x00000000e6900000, 0x00000000e6900000|100%| S|CS|TAMS 0x00000000e6800000| PB 0x00000000e6800000| Complete |  0
| 105|0x00000000e6900000, 0x00000000e6a00000, 0x00000000e6a00000|100%| S|CS|TAMS 0x00000000e6900000| PB 0x00000000e6900000| Complete |  0
| 106|0x00000000e6a00000, 0x00000000e6b00000, 0x00000000e6b00000|100%| S|CS|TAMS 0x00000000e6a00000| PB 0x00000000e6a00000| Complete |  0
| 107|0x00000000e6b00000, 0x00000000e6c00000, 0x00000000e6c00000|100%| S|CS|TAMS 0x00000000e6b00000| PB 0x00000000e6b00000| Complete |  0
| 108|0x00000000e6c00000, 0x00000000e6d00000, 0x00000000e6d00000|100%| S|CS|TAMS 0x00000000e6c00000| PB 0x00000000e6c00000| Complete |  0
| 109|0x00000000e6d00000, 0x00000000e6d00000, 0x00000000e6e00000|  0%| F|  |TAMS 0x00000000e6d00000| PB 0x00000000e6d00000| Untracked |  0
| 110|0x00000000e6e00000, 0x00000000e6e00000, 0x00000000e6f00000|  0%| F|  |TAMS 0x00000000e6e00000| PB 0x00000000e6e00000| Untracked |  0
| 111|0x00000000e6f00000, 0x00000000e6f00000, 0x00000000e7000000|  0%| F|  |TAMS 0x00000000e6f00000| PB 0x00000000e6f00000| Untracked |  0
| 112|0x00000000e7000000, 0x00000000e7000000, 0x00000000e7100000|  0%| F|  |TAMS 0x00000000e7000000| PB 0x00000000e7000000| Untracked |  0
| 113|0x00000000e7100000, 0x00000000e7100000, 0x00000000e7200000|  0%| F|  |TAMS 0x00000000e7100000| PB 0x00000000e7100000| Untracked |  0
| 114|0x00000000e7200000, 0x00000000e7200000, 0x00000000e7300000|  0%| F|  |TAMS 0x00000000e7200000| PB 0x00000000e7200000| Untracked |  0
| 115|0x00000000e7300000, 0x00000000e7300000, 0x00000000e7400000|  0%| F|  |TAMS 0x00000000e7300000| PB 0x00000000e7300000| Untracked |  0
| 116|0x00000000e7400000, 0x00000000e7400000, 0x00000000e7500000|  0%| F|  |TAMS 0x00000000e7400000| PB 0x00000000e7400000| Untracked |  0
| 117|0x00000000e7500000, 0x00000000e7500000, 0x00000000e7600000|  0%| F|  |TAMS 0x00000000e7500000| PB 0x00000000e7500000| Untracked |  0
| 118|0x00000000e7600000, 0x00000000e7600000, 0x00000000e7700000|  0%| F|  |TAMS 0x00000000e7600000| PB 0x00000000e7600000| Untracked |  0
| 119|0x00000000e7700000, 0x00000000e7700000, 0x00000000e7800000|  0%| F|  |TAMS 0x00000000e7700000| PB 0x00000000e7700000| Untracked |  0
| 120|0x00000000e7800000, 0x00000000e7800000, 0x00000000e7900000|  0%| F|  |TAMS 0x00000000e7800000| PB 0x00000000e7800000| Untracked |  0
| 121|0x00000000e7900000, 0x00000000e7900000, 0x00000000e7a00000|  0%| F|  |TAMS 0x00000000e7900000| PB 0x00000000e7900000| Untracked |  0
| 122|0x00000000e7a00000, 0x00000000e7a00000, 0x00000000e7b00000|  0%| F|  |TAMS 0x00000000e7a00000| PB 0x00000000e7a00000| Untracked |  0
| 123|0x00000000e7b00000, 0x00000000e7b00000, 0x00000000e7c00000|  0%| F|  |TAMS 0x00000000e7b00000| PB 0x00000000e7b00000| Untracked |  0
| 124|0x00000000e7c00000, 0x00000000e7c00000, 0x00000000e7d00000|  0%| F|  |TAMS 0x00000000e7c00000| PB 0x00000000e7c00000| Untracked |  0
| 125|0x00000000e7d00000, 0x00000000e7d00000, 0x00000000e7e00000|  0%| F|  |TAMS 0x00000000e7d00000| PB 0x00000000e7d00000| Untracked |  0
| 126|0x00000000e7e00000, 0x00000000e7e00000, 0x00000000e7f00000|  0%| F|  |TAMS 0x00000000e7e00000| PB 0x00000000e7e00000| Untracked |  0
| 127|0x00000000e7f00000, 0x00000000e7f00000, 0x00000000e8000000|  0%| F|  |TAMS 0x00000000e7f00000| PB 0x00000000e7f00000| Untracked |  0
| 128|0x00000000e8000000, 0x00000000e8000000, 0x00000000e8100000|  0%| F|  |TAMS 0x00000000e8000000| PB 0x00000000e8000000| Untracked |  0
| 129|0x00000000e8100000, 0x00000000e8100000, 0x00000000e8200000|  0%| F|  |TAMS 0x00000000e8100000| PB 0x00000000e8100000| Untracked |  0
| 130|0x00000000e8200000, 0x00000000e8200000, 0x00000000e8300000|  0%| F|  |TAMS 0x00000000e8200000| PB 0x00000000e8200000| Untracked |  0
| 131|0x00000000e8300000, 0x00000000e8300000, 0x00000000e8400000|  0%| F|  |TAMS 0x00000000e8300000| PB 0x00000000e8300000| Untracked |  0
| 132|0x00000000e8400000, 0x00000000e8400000, 0x00000000e8500000|  0%| F|  |TAMS 0x00000000e8400000| PB 0x00000000e8400000| Untracked |  0
| 133|0x00000000e8500000, 0x00000000e8500000, 0x00000000e8600000|  0%| F|  |TAMS 0x00000000e8500000| PB 0x00000000e8500000| Untracked |  0
| 134|0x00000000e8600000, 0x00000000e8600000, 0x00000000e8700000|  0%| F|  |TAMS 0x00000000e8600000| PB 0x00000000e8600000| Untracked |  0
| 135|0x00000000e8700000, 0x00000000e8700000, 0x00000000e8800000|  0%| F|  |TAMS 0x00000000e8700000| PB 0x00000000e8700000| Untracked |  0
| 136|0x00000000e8800000, 0x00000000e8800000, 0x00000000e8900000|  0%| F|  |TAMS 0x00000000e8800000| PB 0x00000000e8800000| Untracked |  0
| 137|0x00000000e8900000, 0x00000000e8900000, 0x00000000e8a00000|  0%| F|  |TAMS 0x00000000e8900000| PB 0x00000000e8900000| Untracked |  0
| 138|0x00000000e8a00000, 0x00000000e8a00000, 0x00000000e8b00000|  0%| F|  |TAMS 0x00000000e8a00000| PB 0x00000000e8a00000| Untracked |  0
| 139|0x00000000e8b00000, 0x00000000e8b00000, 0x00000000e8c00000|  0%| F|  |TAMS 0x00000000e8b00000| PB 0x00000000e8b00000| Untracked |  0
| 140|0x00000000e8c00000, 0x00000000e8c00000, 0x00000000e8d00000|  0%| F|  |TAMS 0x00000000e8c00000| PB 0x00000000e8c00000| Untracked |  0
| 141|0x00000000e8d00000, 0x00000000e8d00000, 0x00000000e8e00000|  0%| F|  |TAMS 0x00000000e8d00000| PB 0x00000000e8d00000| Untracked |  0
| 142|0x00000000e8e00000, 0x00000000e8e00000, 0x00000000e8f00000|  0%| F|  |TAMS 0x00000000e8e00000| PB 0x00000000e8e00000| Untracked |  0
| 143|0x00000000e8f00000, 0x00000000e8f00000, 0x00000000e9000000|  0%| F|  |TAMS 0x00000000e8f00000| PB 0x00000000e8f00000| Untracked |  0
| 144|0x00000000e9000000, 0x00000000e9000000, 0x00000000e9100000|  0%| F|  |TAMS 0x00000000e9000000| PB 0x00000000e9000000| Untracked |  0
| 145|0x00000000e9100000, 0x00000000e9100000, 0x00000000e9200000|  0%| F|  |TAMS 0x00000000e9100000| PB 0x00000000e9100000| Untracked |  0
| 146|0x00000000e9200000, 0x00000000e9200000, 0x00000000e9300000|  0%| F|  |TAMS 0x00000000e9200000| PB 0x00000000e9200000| Untracked |  0
| 147|0x00000000e9300000, 0x00000000e9300000, 0x00000000e9400000|  0%| F|  |TAMS 0x00000000e9300000| PB 0x00000000e9300000| Untracked |  0
| 148|0x00000000e9400000, 0x00000000e9400000, 0x00000000e9500000|  0%| F|  |TAMS 0x00000000e9400000| PB 0x00000000e9400000| Untracked |  0
| 149|0x00000000e9500000, 0x00000000e9500000, 0x00000000e9600000|  0%| F|  |TAMS 0x00000000e9500000| PB 0x00000000e9500000| Untracked |  0
| 150|0x00000000e9600000, 0x00000000e9600000, 0x00000000e9700000|  0%| F|  |TAMS 0x00000000e9600000| PB 0x00000000e9600000| Untracked |  0
| 151|0x00000000e9700000, 0x00000000e9700000, 0x00000000e9800000|  0%| F|  |TAMS 0x00000000e9700000| PB 0x00000000e9700000| Untracked |  0
| 152|0x00000000e9800000, 0x00000000e9800000, 0x00000000e9900000|  0%| F|  |TAMS 0x00000000e9800000| PB 0x00000000e9800000| Untracked |  0
| 153|0x00000000e9900000, 0x00000000e9900000, 0x00000000e9a00000|  0%| F|  |TAMS 0x00000000e9900000| PB 0x00000000e9900000| Untracked |  0
| 154|0x00000000e9a00000, 0x00000000e9a00000, 0x00000000e9b00000|  0%| F|  |TAMS 0x00000000e9a00000| PB 0x00000000e9a00000| Untracked |  0
| 155|0x00000000e9b00000, 0x00000000e9b00000, 0x00000000e9c00000|  0%| F|  |TAMS 0x00000000e9b00000| PB 0x00000000e9b00000| Untracked |  0
| 156|0x00000000e9c00000, 0x00000000e9c00000, 0x00000000e9d00000|  0%| F|  |TAMS 0x00000000e9c00000| PB 0x00000000e9c00000| Untracked |  0
| 157|0x00000000e9d00000, 0x00000000e9d00000, 0x00000000e9e00000|  0%| F|  |TAMS 0x00000000e9d00000| PB 0x00000000e9d00000| Untracked |  0
| 158|0x00000000e9e00000, 0x00000000e9e00000, 0x00000000e9f00000|  0%| F|  |TAMS 0x00000000e9e00000| PB 0x00000000e9e00000| Untracked |  0
| 159|0x00000000e9f00000, 0x00000000e9f00000, 0x00000000ea000000|  0%| F|  |TAMS 0x00000000e9f00000| PB 0x00000000e9f00000| Untracked |  0
| 160|0x00000000ea000000, 0x00000000ea000000, 0x00000000ea100000|  0%| F|  |TAMS 0x00000000ea000000| PB 0x00000000ea000000| Untracked |  0
| 161|0x00000000ea100000, 0x00000000ea100000, 0x00000000ea200000|  0%| F|  |TAMS 0x00000000ea100000| PB 0x00000000ea100000| Untracked |  0
| 162|0x00000000ea200000, 0x00000000ea200000, 0x00000000ea300000|  0%| F|  |TAMS 0x00000000ea200000| PB 0x00000000ea200000| Untracked |  0
| 163|0x00000000ea300000, 0x00000000ea300000, 0x00000000ea400000|  0%| F|  |TAMS 0x00000000ea300000| PB 0x00000000ea300000| Untracked |  0
| 164|0x00000000ea400000, 0x00000000ea400000, 0x00000000ea500000|  0%| F|  |TAMS 0x00000000ea400000| PB 0x00000000ea400000| Untracked |  0
| 165|0x00000000ea500000, 0x00000000ea500000, 0x00000000ea600000|  0%| F|  |TAMS 0x00000000ea500000| PB 0x00000000ea500000| Untracked |  0
| 166|0x00000000ea600000, 0x00000000ea600000, 0x00000000ea700000|  0%| F|  |TAMS 0x00000000ea600000| PB 0x00000000ea600000| Untracked |  0
| 167|0x00000000ea700000, 0x00000000ea700000, 0x00000000ea800000|  0%| F|  |TAMS 0x00000000ea700000| PB 0x00000000ea700000| Untracked |  0
| 168|0x00000000ea800000, 0x00000000ea800000, 0x00000000ea900000|  0%| F|  |TAMS 0x00000000ea800000| PB 0x00000000ea800000| Untracked |  0
| 169|0x00000000ea900000, 0x00000000ea900000, 0x00000000eaa00000|  0%| F|  |TAMS 0x00000000ea900000| PB 0x00000000ea900000| Untracked |  0
| 170|0x00000000eaa00000, 0x00000000eaa00000, 0x00000000eab00000|  0%| F|  |TAMS 0x00000000eaa00000| PB 0x00000000eaa00000| Untracked |  0
| 171|0x00000000eab00000, 0x00000000eab00000, 0x00000000eac00000|  0%| F|  |TAMS 0x00000000eab00000| PB 0x00000000eab00000| Untracked |  0
| 172|0x00000000eac00000, 0x00000000eac00000, 0x00000000ead00000|  0%| F|  |TAMS 0x00000000eac00000| PB 0x00000000eac00000| Untracked |  0
| 173|0x00000000ead00000, 0x00000000ead00000, 0x00000000eae00000|  0%| F|  |TAMS 0x00000000ead00000| PB 0x00000000ead00000| Untracked |  0
| 174|0x00000000eae00000, 0x00000000eae00000, 0x00000000eaf00000|  0%| F|  |TAMS 0x00000000eae00000| PB 0x00000000eae00000| Untracked |  0
| 175|0x00000000eaf00000, 0x00000000eaf00000, 0x00000000eb000000|  0%| F|  |TAMS 0x00000000eaf00000| PB 0x00000000eaf00000| Untracked |  0
| 176|0x00000000eb000000, 0x00000000eb000000, 0x00000000eb100000|  0%| F|  |TAMS 0x00000000eb000000| PB 0x00000000eb000000| Untracked |  0
| 177|0x00000000eb100000, 0x00000000eb100000, 0x00000000eb200000|  0%| F|  |TAMS 0x00000000eb100000| PB 0x00000000eb100000| Untracked |  0
| 178|0x00000000eb200000, 0x00000000eb200000, 0x00000000eb300000|  0%| F|  |TAMS 0x00000000eb200000| PB 0x00000000eb200000| Untracked |  0
| 179|0x00000000eb300000, 0x00000000eb300000, 0x00000000eb400000|  0%| F|  |TAMS 0x00000000eb300000| PB 0x00000000eb300000| Untracked |  0
| 180|0x00000000eb400000, 0x00000000eb400000, 0x00000000eb500000|  0%| F|  |TAMS 0x00000000eb400000| PB 0x00000000eb400000| Untracked |  0
| 181|0x00000000eb500000, 0x00000000eb500000, 0x00000000eb600000|  0%| F|  |TAMS 0x00000000eb500000| PB 0x00000000eb500000| Untracked |  0
| 182|0x00000000eb600000, 0x00000000eb600000, 0x00000000eb700000|  0%| F|  |TAMS 0x00000000eb600000| PB 0x00000000eb600000| Untracked |  0
| 183|0x00000000eb700000, 0x00000000eb700000, 0x00000000eb800000|  0%| F|  |TAMS 0x00000000eb700000| PB 0x00000000eb700000| Untracked |  0
| 184|0x00000000eb800000, 0x00000000eb800000, 0x00000000eb900000|  0%| F|  |TAMS 0x00000000eb800000| PB 0x00000000eb800000| Untracked |  0
| 185|0x00000000eb900000, 0x00000000eb900000, 0x00000000eba00000|  0%| F|  |TAMS 0x00000000eb900000| PB 0x00000000eb900000| Untracked |  0
| 186|0x00000000eba00000, 0x00000000eba00000, 0x00000000ebb00000|  0%| F|  |TAMS 0x00000000eba00000| PB 0x00000000eba00000| Untracked |  0
| 187|0x00000000ebb00000, 0x00000000ebb00000, 0x00000000ebc00000|  0%| F|  |TAMS 0x00000000ebb00000| PB 0x00000000ebb00000| Untracked |  0
| 188|0x00000000ebc00000, 0x00000000ebc00000, 0x00000000ebd00000|  0%| F|  |TAMS 0x00000000ebc00000| PB 0x00000000ebc00000| Untracked |  0
| 189|0x00000000ebd00000, 0x00000000ebd00000, 0x00000000ebe00000|  0%| F|  |TAMS 0x00000000ebd00000| PB 0x00000000ebd00000| Untracked |  0
| 190|0x00000000ebe00000, 0x00000000ebe00000, 0x00000000ebf00000|  0%| F|  |TAMS 0x00000000ebe00000| PB 0x00000000ebe00000| Untracked |  0
| 191|0x00000000ebf00000, 0x00000000ebf00000, 0x00000000ec000000|  0%| F|  |TAMS 0x00000000ebf00000| PB 0x00000000ebf00000| Untracked |  0
| 192|0x00000000ec000000, 0x00000000ec000000, 0x00000000ec100000|  0%| F|  |TAMS 0x00000000ec000000| PB 0x00000000ec000000| Untracked |  0
| 193|0x00000000ec100000, 0x00000000ec100000, 0x00000000ec200000|  0%| F|  |TAMS 0x00000000ec100000| PB 0x00000000ec100000| Untracked |  0
| 194|0x00000000ec200000, 0x00000000ec2c6dc0, 0x00000000ec300000| 77%| E|  |TAMS 0x00000000ec200000| PB 0x00000000ec200000| Complete |  0
| 195|0x00000000ec300000, 0x00000000ec400000, 0x00000000ec400000|100%| E|CS|TAMS 0x00000000ec300000| PB 0x00000000ec300000| Complete |  0
| 196|0x00000000ec400000, 0x00000000ec500000, 0x00000000ec500000|100%| E|CS|TAMS 0x00000000ec400000| PB 0x00000000ec400000| Complete |  0
| 197|0x00000000ec500000, 0x00000000ec600000, 0x00000000ec600000|100%| E|CS|TAMS 0x00000000ec500000| PB 0x00000000ec500000| Complete |  0
| 198|0x00000000ec600000, 0x00000000ec700000, 0x00000000ec700000|100%| E|CS|TAMS 0x00000000ec600000| PB 0x00000000ec600000| Complete |  0
| 199|0x00000000ec700000, 0x00000000ec800000, 0x00000000ec800000|100%| E|CS|TAMS 0x00000000ec700000| PB 0x00000000ec700000| Complete |  0
| 200|0x00000000ec800000, 0x00000000ec900000, 0x00000000ec900000|100%| E|CS|TAMS 0x00000000ec800000| PB 0x00000000ec800000| Complete |  0
| 201|0x00000000ec900000, 0x00000000eca00000, 0x00000000eca00000|100%| E|CS|TAMS 0x00000000ec900000| PB 0x00000000ec900000| Complete |  0
| 202|0x00000000eca00000, 0x00000000ecb00000, 0x00000000ecb00000|100%| E|CS|TAMS 0x00000000eca00000| PB 0x00000000eca00000| Complete |  0
| 203|0x00000000ecb00000, 0x00000000ecc00000, 0x00000000ecc00000|100%| E|CS|TAMS 0x00000000ecb00000| PB 0x00000000ecb00000| Complete |  0
| 204|0x00000000ecc00000, 0x00000000ecd00000, 0x00000000ecd00000|100%| E|CS|TAMS 0x00000000ecc00000| PB 0x00000000ecc00000| Complete |  0
| 205|0x00000000ecd00000, 0x00000000ece00000, 0x00000000ece00000|100%| E|CS|TAMS 0x00000000ecd00000| PB 0x00000000ecd00000| Complete |  0
| 206|0x00000000ece00000, 0x00000000ecf00000, 0x00000000ecf00000|100%| E|CS|TAMS 0x00000000ece00000| PB 0x00000000ece00000| Complete |  0
| 207|0x00000000ecf00000, 0x00000000ed000000, 0x00000000ed000000|100%| E|CS|TAMS 0x00000000ecf00000| PB 0x00000000ecf00000| Complete |  0
| 208|0x00000000ed000000, 0x00000000ed100000, 0x00000000ed100000|100%| E|CS|TAMS 0x00000000ed000000| PB 0x00000000ed000000| Complete |  0
| 209|0x00000000ed100000, 0x00000000ed200000, 0x00000000ed200000|100%| E|CS|TAMS 0x00000000ed100000| PB 0x00000000ed100000| Complete |  0
| 210|0x00000000ed200000, 0x00000000ed300000, 0x00000000ed300000|100%| E|CS|TAMS 0x00000000ed200000| PB 0x00000000ed200000| Complete |  0
| 211|0x00000000ed300000, 0x00000000ed400000, 0x00000000ed400000|100%| E|CS|TAMS 0x00000000ed300000| PB 0x00000000ed300000| Complete |  0
| 212|0x00000000ed400000, 0x00000000ed500000, 0x00000000ed500000|100%| E|CS|TAMS 0x00000000ed400000| PB 0x00000000ed400000| Complete |  0
| 213|0x00000000ed500000, 0x00000000ed600000, 0x00000000ed600000|100%| E|  |TAMS 0x00000000ed500000| PB 0x00000000ed500000| Complete |  0
| 214|0x00000000ed600000, 0x00000000ed700000, 0x00000000ed700000|100%| E|CS|TAMS 0x00000000ed600000| PB 0x00000000ed600000| Complete |  0
| 215|0x00000000ed700000, 0x00000000ed800000, 0x00000000ed800000|100%| E|CS|TAMS 0x00000000ed700000| PB 0x00000000ed700000| Complete |  0
| 216|0x00000000ed800000, 0x00000000ed900000, 0x00000000ed900000|100%| E|CS|TAMS 0x00000000ed800000| PB 0x00000000ed800000| Complete |  0
| 217|0x00000000ed900000, 0x00000000eda00000, 0x00000000eda00000|100%| E|CS|TAMS 0x00000000ed900000| PB 0x00000000ed900000| Complete |  0
| 218|0x00000000eda00000, 0x00000000edb00000, 0x00000000edb00000|100%| E|CS|TAMS 0x00000000eda00000| PB 0x00000000eda00000| Complete |  0
| 219|0x00000000edb00000, 0x00000000edc00000, 0x00000000edc00000|100%| E|CS|TAMS 0x00000000edb00000| PB 0x00000000edb00000| Complete |  0
| 220|0x00000000edc00000, 0x00000000edd00000, 0x00000000edd00000|100%| E|CS|TAMS 0x00000000edc00000| PB 0x00000000edc00000| Complete |  0
| 221|0x00000000edd00000, 0x00000000ede00000, 0x00000000ede00000|100%| E|CS|TAMS 0x00000000edd00000| PB 0x00000000edd00000| Complete |  0
| 222|0x00000000ede00000, 0x00000000edf00000, 0x00000000edf00000|100%| E|CS|TAMS 0x00000000ede00000| PB 0x00000000ede00000| Complete |  0
| 223|0x00000000edf00000, 0x00000000ee000000, 0x00000000ee000000|100%| E|CS|TAMS 0x00000000edf00000| PB 0x00000000edf00000| Complete |  0
| 224|0x00000000ee000000, 0x00000000ee100000, 0x00000000ee100000|100%| E|CS|TAMS 0x00000000ee000000| PB 0x00000000ee000000| Complete |  0
| 225|0x00000000ee100000, 0x00000000ee200000, 0x00000000ee200000|100%| E|CS|TAMS 0x00000000ee100000| PB 0x00000000ee100000| Complete |  0
| 226|0x00000000ee200000, 0x00000000ee300000, 0x00000000ee300000|100%| E|CS|TAMS 0x00000000ee200000| PB 0x00000000ee200000| Complete |  0
| 227|0x00000000ee300000, 0x00000000ee400000, 0x00000000ee400000|100%| E|CS|TAMS 0x00000000ee300000| PB 0x00000000ee300000| Complete |  0
| 228|0x00000000ee400000, 0x00000000ee500000, 0x00000000ee500000|100%| E|CS|TAMS 0x00000000ee400000| PB 0x00000000ee400000| Complete |  0
| 229|0x00000000ee500000, 0x00000000ee600000, 0x00000000ee600000|100%| E|CS|TAMS 0x00000000ee500000| PB 0x00000000ee500000| Complete |  0
| 230|0x00000000ee600000, 0x00000000ee700000, 0x00000000ee700000|100%| E|CS|TAMS 0x00000000ee600000| PB 0x00000000ee600000| Complete |  0
| 231|0x00000000ee700000, 0x00000000ee800000, 0x00000000ee800000|100%| E|CS|TAMS 0x00000000ee700000| PB 0x00000000ee700000| Complete |  0
| 232|0x00000000ee800000, 0x00000000ee900000, 0x00000000ee900000|100%| E|CS|TAMS 0x00000000ee800000| PB 0x00000000ee800000| Complete |  0
| 233|0x00000000ee900000, 0x00000000eea00000, 0x00000000eea00000|100%| E|CS|TAMS 0x00000000ee900000| PB 0x00000000ee900000| Complete |  0
| 234|0x00000000eea00000, 0x00000000eeb00000, 0x00000000eeb00000|100%| E|CS|TAMS 0x00000000eea00000| PB 0x00000000eea00000| Complete |  0
| 235|0x00000000eeb00000, 0x00000000eec00000, 0x00000000eec00000|100%| E|CS|TAMS 0x00000000eeb00000| PB 0x00000000eeb00000| Complete |  0
| 236|0x00000000eec00000, 0x00000000eed00000, 0x00000000eed00000|100%| E|CS|TAMS 0x00000000eec00000| PB 0x00000000eec00000| Complete |  0
| 237|0x00000000eed00000, 0x00000000eee00000, 0x00000000eee00000|100%| E|CS|TAMS 0x00000000eed00000| PB 0x00000000eed00000| Complete |  0
| 238|0x00000000eee00000, 0x00000000eef00000, 0x00000000eef00000|100%| E|CS|TAMS 0x00000000eee00000| PB 0x00000000eee00000| Complete |  0
| 239|0x00000000eef00000, 0x00000000ef000000, 0x00000000ef000000|100%| E|CS|TAMS 0x00000000eef00000| PB 0x00000000eef00000| Complete |  0
| 240|0x00000000ef000000, 0x00000000ef100000, 0x00000000ef100000|100%| E|CS|TAMS 0x00000000ef000000| PB 0x00000000ef000000| Complete |  0
| 241|0x00000000ef100000, 0x00000000ef200000, 0x00000000ef200000|100%| E|CS|TAMS 0x00000000ef100000| PB 0x00000000ef100000| Complete |  0
| 242|0x00000000ef200000, 0x00000000ef300000, 0x00000000ef300000|100%| E|CS|TAMS 0x00000000ef200000| PB 0x00000000ef200000| Complete |  0
| 243|0x00000000ef300000, 0x00000000ef400000, 0x00000000ef400000|100%| E|CS|TAMS 0x00000000ef300000| PB 0x00000000ef300000| Complete |  0
| 244|0x00000000ef400000, 0x00000000ef500000, 0x00000000ef500000|100%| E|CS|TAMS 0x00000000ef400000| PB 0x00000000ef400000| Complete |  0
| 245|0x00000000ef500000, 0x00000000ef600000, 0x00000000ef600000|100%| E|CS|TAMS 0x00000000ef500000| PB 0x00000000ef500000| Complete |  0
| 246|0x00000000ef600000, 0x00000000ef700000, 0x00000000ef700000|100%| E|CS|TAMS 0x00000000ef600000| PB 0x00000000ef600000| Complete |  0
| 247|0x00000000ef700000, 0x00000000ef800000, 0x00000000ef800000|100%| E|CS|TAMS 0x00000000ef700000| PB 0x00000000ef700000| Complete |  0
| 248|0x00000000ef800000, 0x00000000ef900000, 0x00000000ef900000|100%| E|CS|TAMS 0x00000000ef800000| PB 0x00000000ef800000| Complete |  0
| 249|0x00000000ef900000, 0x00000000efa00000, 0x00000000efa00000|100%| E|CS|TAMS 0x00000000ef900000| PB 0x00000000ef900000| Complete |  0
| 250|0x00000000efa00000, 0x00000000efb00000, 0x00000000efb00000|100%| E|CS|TAMS 0x00000000efa00000| PB 0x00000000efa00000| Complete |  0
| 251|0x00000000efb00000, 0x00000000efc00000, 0x00000000efc00000|100%| E|CS|TAMS 0x00000000efb00000| PB 0x00000000efb00000| Complete |  0
| 252|0x00000000efc00000, 0x00000000efd00000, 0x00000000efd00000|100%| E|CS|TAMS 0x00000000efc00000| PB 0x00000000efc00000| Complete |  0
| 255|0x00000000eff00000, 0x00000000f0000000, 0x00000000f0000000|100%| E|CS|TAMS 0x00000000eff00000| PB 0x00000000eff00000| Complete |  0
| 510|0x00000000ffe00000, 0x00000000fff00000, 0x00000000fff00000|100%| O|  |TAMS 0x00000000ffe00000| PB 0x00000000ffe00000| Untracked |  0
| 511|0x00000000fff00000, 0x0000000100000000, 0x0000000100000000|100%| E|CS|TAMS 0x00000000fff00000| PB 0x00000000fff00000| Complete |  0

Card table byte_map: [0x000002456d340000,0x000002456d440000] _byte_map_base: 0x000002456cc40000

Marking Bits: (CMBitMap*) 0x000002455535c000
 Bits: [0x000002456d440000, 0x000002456dc40000)

Polling page: 0x0000024553220000

Metaspace:

Usage:
  Non-class:     59.44 MB used.
      Class:      7.22 MB used.
       Both:     66.66 MB used.

Virtual space:
  Non-class space:       64.00 MB reserved,      61.38 MB ( 96%) committed,  1 nodes.
      Class space:      320.00 MB reserved,       8.69 MB (  3%) committed,  1 nodes.
             Both:      384.00 MB reserved,      70.06 MB ( 18%) committed. 

Chunk freelists:
   Non-Class:  3.22 MB
       Class:  8.17 MB
        Both:  11.39 MB

MaxMetaspaceSize: 384.00 MB
CompressedClassSpaceSize: 320.00 MB
Initial GC threshold: 21.00 MB
Current GC threshold: 116.69 MB
CDS: on
 - commit_granule_bytes: 65536.
 - commit_granule_words: 8192.
 - virtual_space_node_default_size: 8388608.
 - enlarge_chunks_in_place: 1.
UseCompressedClassPointers 1, UseCompactObjectHeaders 0
Narrow klass pointer bits 32, Max shift 3
Narrow klass base: 0x0000024500000000, Narrow klass shift: 0
Encoding Range: [0x0000024500000000 - 0x0000024600000000), (4294967296 bytes)
Klass Range:    [0x0000024500000000 - 0x0000024515000000), (352321536 bytes)
Klass ID Range:  [8 - 352321529) (352321521)


Internal statistics:

num_allocs_failed_limit: 18.
num_arena_births: 4044.
num_arena_deaths: 2124.
num_vsnodes_births: 2.
num_vsnodes_deaths: 0.
num_space_committed: 1121.
num_space_uncommitted: 0.
num_chunks_returned_to_freelist: 2306.
num_chunks_taken_from_freelist: 7660.
num_chunk_merges: 844.
num_chunk_splits: 4749.
num_chunks_enlarged: 2805.
num_inconsistent_stats: 0.

CodeHeap 'non-profiled nmethods': size=120064Kb used=8587Kb max_used=10150Kb free=111476Kb
 bounds [0x0000024565690000, 0x0000024566080000, 0x000002456cbd0000]
CodeHeap 'profiled nmethods': size=120000Kb used=18447Kb max_used=24566Kb free=101552Kb
 bounds [0x000002455dbd0000, 0x000002455f3d0000, 0x0000024565100000]
CodeHeap 'non-nmethods': size=5696Kb used=2855Kb max_used=3017Kb free=2840Kb
 bounds [0x0000024565100000, 0x0000024565410000, 0x0000024565690000]
CodeCache: size=245760Kb, used=29889Kb, max_used=37733Kb, free=215868Kb
 total_blobs=12190, nmethods=11268, adapters=826, full_count=0
Compilation: enabled, stopped_count=0, restarted_count=0

Compilation events (20 events):
Event: 1663.584 Thread 0x0000024519010080 18410       3       kotlin.collections.ArraysKt___ArraysKt::asSequence (35 bytes)
Event: 1663.585 Thread 0x0000024519010080 nmethod 18410 0x000002455e11e508 code [0x000002455e11e6c0, 0x000002455e11ef10]
Event: 1663.585 Thread 0x0000024519010080 18411       3       kotlin.sequences.SequencesKt___SequencesKt::filterNot (26 bytes)
Event: 1663.587 Thread 0x0000024519010080 nmethod 18411 0x000002455e504008 code [0x000002455e504300, 0x000002455e5058d8]
Event: 1663.587 Thread 0x0000024519010080 18412       3       kotlin.sequences.SequencesKt___SequencesKt::filter (26 bytes)
Event: 1663.588 Thread 0x0000024519010080 nmethod 18412 0x000002455e66ef08 code [0x000002455e66f200, 0x000002455e6707d8]
Event: 1663.588 Thread 0x0000024519010080 18413       3       org.gradle.internal.serialize.beans.services.BeanSchemaKt$special$$inlined$sortedBy$1::<init> (5 bytes)
Event: 1663.588 Thread 0x0000024519010080 nmethod 18413 0x000002455de89508 code [0x000002455de89620, 0x000002455de89780]
Event: 1663.588 Thread 0x0000024519010080 18414       3       kotlin.sequences.SequencesKt___SequencesKt::sortedWith (26 bytes)
Event: 1663.589 Thread 0x0000024519010080 nmethod 18414 0x000002455dccb588 code [0x000002455dccb7a0, 0x000002455dccc410]
Event: 1663.589 Thread 0x0000024519010080 18415       3       kotlin.sequences.SequencesKt___SequencesKt$sortedWith$1::<init> (15 bytes)
Event: 1663.589 Thread 0x0000024519010080 nmethod 18415 0x000002455dc37688 code [0x000002455dc377a0, 0x000002455dc379c0]
Event: 1663.589 Thread 0x0000024519010080 18416       3       kotlin.sequences.SequencesKt___SequencesKt$flatMap$2::invoke (9 bytes)
Event: 1663.590 Thread 0x0000024519010080 nmethod 18416 0x000002455dc92608 code [0x000002455dc927c0, 0x000002455dc93050]
Event: 1663.590 Thread 0x0000024519010080 18417       1       java.lang.invoke.SerializedLambda::getImplMethodName (5 bytes)
Event: 1663.590 Thread 0x0000024519010080 nmethod 18417 0x00000245656de388 code [0x00000245656de480, 0x00000245656de548]
Event: 1663.591 Thread 0x0000024519010080 18419       3       java.lang.System::getProperty (13 bytes)
Event: 1663.592 Thread 0x0000024519010080 nmethod 18419 0x000002455dcb5508 code [0x000002455dcb5680, 0x000002455dcb5c00]
Event: 1663.595 Thread 0x0000024519010080 18420       1       org.gradle.internal.cc.impl.services.DefaultBuildModelParameters::isIsolatedProjects (5 bytes)
Event: 1663.595 Thread 0x0000024519010080 nmethod 18420 0x00000245656e4508 code [0x00000245656e4600, 0x00000245656e46c8]

GC Heap History (20 events):
Event: 171.611 GC heap before
{Heap before GC invocations=15 (full 0):
 garbage-first heap   total reserved 524288K, committed 262144K, used 211893K [0x00000000e0000000, 0x0000000100000000)
  region size 1024K, 153 young (156672K), 5 survivors (5120K)
 Metaspace       used 66749K, committed 68928K, reserved 393216K
  class space    used 7541K, committed 8576K, reserved 327680K
}
Event: 171.618 GC heap after
{Heap after GC invocations=16 (full 0):
 garbage-first heap   total reserved 524288K, committed 262144K, used 63107K [0x00000000e0000000, 0x0000000100000000)
  region size 1024K, 6 young (6144K), 6 survivors (6144K)
 Metaspace       used 66749K, committed 68928K, reserved 393216K
  class space    used 7541K, committed 8576K, reserved 327680K
}
Event: 254.886 GC heap before
{Heap before GC invocations=17 (full 0):
 garbage-first heap   total reserved 524288K, committed 262144K, used 212611K [0x00000000e0000000, 0x0000000100000000)
  region size 1024K, 153 young (156672K), 6 survivors (6144K)
 Metaspace       used 66937K, committed 69056K, reserved 393216K
  class space    used 7545K, committed 8576K, reserved 327680K
}
Event: 254.899 GC heap after
{Heap after GC invocations=18 (full 0):
 garbage-first heap   total reserved 524288K, committed 262144K, used 65268K [0x00000000e0000000, 0x0000000100000000)
  region size 1024K, 8 young (8192K), 8 survivors (8192K)
 Metaspace       used 66937K, committed 69056K, reserved 393216K
  class space    used 7545K, committed 8576K, reserved 327680K
}
Event: 274.822 GC heap before
{Heap before GC invocations=18 (full 0):
 garbage-first heap   total reserved 524288K, committed 262144K, used 212724K [0x00000000e0000000, 0x0000000100000000)
  region size 1024K, 153 young (156672K), 8 survivors (8192K)
 Metaspace       used 67127K, committed 69248K, reserved 393216K
  class space    used 7550K, committed 8576K, reserved 327680K
}
Event: 274.842 GC heap after
{Heap after GC invocations=19 (full 0):
 garbage-first heap   total reserved 524288K, committed 262144K, used 67145K [0x00000000e0000000, 0x0000000100000000)
  region size 1024K, 12 young (12288K), 12 survivors (12288K)
 Metaspace       used 67127K, committed 69248K, reserved 393216K
  class space    used 7550K, committed 8576K, reserved 327680K
}
Event: 335.390 GC heap before
{Heap before GC invocations=19 (full 0):
 garbage-first heap   total reserved 524288K, committed 262144K, used 210505K [0x00000000e0000000, 0x0000000100000000)
  region size 1024K, 153 young (156672K), 12 survivors (12288K)
 Metaspace       used 67446K, committed 69632K, reserved 393216K
  class space    used 7568K, committed 8640K, reserved 327680K
}
Event: 335.396 GC heap after
{Heap after GC invocations=20 (full 0):
 garbage-first heap   total reserved 524288K, committed 262144K, used 59001K [0x00000000e0000000, 0x0000000100000000)
  region size 1024K, 4 young (4096K), 4 survivors (4096K)
 Metaspace       used 67446K, committed 69632K, reserved 393216K
  class space    used 7568K, committed 8640K, reserved 327680K
}
Event: 413.182 GC heap before
{Heap before GC invocations=21 (full 0):
 garbage-first heap   total reserved 524288K, committed 262144K, used 210553K [0x00000000e0000000, 0x0000000100000000)
  region size 1024K, 153 young (156672K), 4 survivors (4096K)
 Metaspace       used 67561K, committed 69760K, reserved 393216K
  class space    used 7569K, committed 8640K, reserved 327680K
}
Event: 413.199 GC heap after
{Heap after GC invocations=22 (full 0):
 garbage-first heap   total reserved 524288K, committed 262144K, used 61688K [0x00000000e0000000, 0x0000000100000000)
  region size 1024K, 6 young (6144K), 6 survivors (6144K)
 Metaspace       used 67561K, committed 69760K, reserved 393216K
  class space    used 7569K, committed 8640K, reserved 327680K
}
Event: 981.788 GC heap before
{Heap before GC invocations=22 (full 0):
 garbage-first heap   total reserved 524288K, committed 262144K, used 211192K [0x00000000e0000000, 0x0000000100000000)
  region size 1024K, 153 young (156672K), 6 survivors (6144K)
 Metaspace       used 67715K, committed 69888K, reserved 393216K
  class space    used 7578K, committed 8640K, reserved 327680K
}
Event: 981.809 GC heap after
{Heap after GC invocations=23 (full 0):
 garbage-first heap   total reserved 524288K, committed 262144K, used 62974K [0x00000000e0000000, 0x0000000100000000)
  region size 1024K, 8 young (8192K), 8 survivors (8192K)
 Metaspace       used 67715K, committed 69888K, reserved 393216K
  class space    used 7578K, committed 8640K, reserved 327680K
}
Event: 1022.946 GC heap before
{Heap before GC invocations=23 (full 0):
 garbage-first heap   total reserved 524288K, committed 262144K, used 210430K [0x00000000e0000000, 0x0000000100000000)
  region size 1024K, 153 young (156672K), 8 survivors (8192K)
 Metaspace       used 69456K, committed 71680K, reserved 393216K
  class space    used 7836K, committed 8896K, reserved 327680K
}
Event: 1022.982 GC heap after
{Heap after GC invocations=24 (full 0):
 garbage-first heap   total reserved 524288K, committed 262144K, used 70557K [0x00000000e0000000, 0x0000000100000000)
  region size 1024K, 15 young (15360K), 15 survivors (15360K)
 Metaspace       used 69456K, committed 71680K, reserved 393216K
  class space    used 7836K, committed 8896K, reserved 327680K
}
Event: 1131.020 GC heap before
{Heap before GC invocations=25 (full 0):
 garbage-first heap   total reserved 524288K, committed 262144K, used 210845K [0x00000000e0000000, 0x0000000100000000)
  region size 1024K, 153 young (156672K), 15 survivors (15360K)
 Metaspace       used 67603K, committed 71680K, reserved 393216K
  class space    used 7329K, committed 8896K, reserved 327680K
}
Event: 1131.036 GC heap after
{Heap after GC invocations=26 (full 0):
 garbage-first heap   total reserved 524288K, committed 262144K, used 72396K [0x00000000e0000000, 0x0000000100000000)
  region size 1024K, 5 young (5120K), 5 survivors (5120K)
 Metaspace       used 67603K, committed 71680K, reserved 393216K
  class space    used 7329K, committed 8896K, reserved 327680K
}
Event: 1161.386 GC heap before
{Heap before GC invocations=26 (full 0):
 garbage-first heap   total reserved 524288K, committed 262144K, used 222924K [0x00000000e0000000, 0x0000000100000000)
  region size 1024K, 153 young (156672K), 5 survivors (5120K)
 Metaspace       used 68085K, committed 71744K, reserved 393216K
  class space    used 7389K, committed 8896K, reserved 327680K
}
Event: 1161.399 GC heap after
{Heap after GC invocations=27 (full 0):
 garbage-first heap   total reserved 524288K, committed 262144K, used 74070K [0x00000000e0000000, 0x0000000100000000)
  region size 1024K, 7 young (7168K), 7 survivors (7168K)
 Metaspace       used 68085K, committed 71744K, reserved 393216K
  class space    used 7389K, committed 8896K, reserved 327680K
}
Event: 1398.152 GC heap before
{Heap before GC invocations=27 (full 0):
 garbage-first heap   total reserved 524288K, committed 262144K, used 222550K [0x00000000e0000000, 0x0000000100000000)
  region size 1024K, 153 young (156672K), 7 survivors (7168K)
 Metaspace       used 68206K, committed 71744K, reserved 393216K
  class space    used 7394K, committed 8896K, reserved 327680K
}
Event: 1398.188 GC heap after
{Heap after GC invocations=28 (full 0):
 garbage-first heap   total reserved 524288K, committed 262144K, used 76772K [0x00000000e0000000, 0x0000000100000000)
  region size 1024K, 10 young (10240K), 10 survivors (10240K)
 Metaspace       used 68206K, committed 71744K, reserved 393216K
  class space    used 7394K, committed 8896K, reserved 327680K
}

Dll operation events (15 events):
Event: 0.019 Loaded shared library C:\Users\vuquo\.jdks\openjdk-24.0.1\bin\java.dll
Event: 0.055 Loaded shared library C:\Users\vuquo\.jdks\openjdk-24.0.1\bin\jsvml.dll
Event: 0.097 Loaded shared library C:\Users\vuquo\.jdks\openjdk-24.0.1\bin\zip.dll
Event: 0.102 Loaded shared library C:\Users\vuquo\.jdks\openjdk-24.0.1\bin\instrument.dll
Event: 0.112 Loaded shared library C:\Users\vuquo\.jdks\openjdk-24.0.1\bin\net.dll
Event: 0.114 Loaded shared library C:\Users\vuquo\.jdks\openjdk-24.0.1\bin\nio.dll
Event: 0.117 Loaded shared library C:\Users\vuquo\.jdks\openjdk-24.0.1\bin\zip.dll
Event: 0.334 Loaded shared library C:\Users\vuquo\.jdks\openjdk-24.0.1\bin\jimage.dll
Event: 0.435 Loaded shared library C:\Users\vuquo\.jdks\openjdk-24.0.1\bin\verify.dll
Event: 0.540 Loaded shared library C:\Users\vuquo\.gradle\native\1def1411415f61bf3af743bc5b6707747c0891f09f0c88961ee8f79bc544acac\windows-amd64\native-platform.dll
Event: 0.559 Loaded shared library C:\Users\vuquo\.gradle\native\0.2.7\x86_64-windows-gnu\gradle-fileevents.dll
Event: 1.568 Loaded shared library C:\Users\vuquo\.jdks\openjdk-24.0.1\bin\management.dll
Event: 1.575 Loaded shared library C:\Users\vuquo\.jdks\openjdk-24.0.1\bin\management_ext.dll
Event: 1.741 Loaded shared library C:\Users\vuquo\.jdks\openjdk-24.0.1\bin\extnet.dll
Event: 2.223 Loaded shared library C:\Users\vuquo\.jdks\openjdk-24.0.1\bin\sunmscapi.dll

Deoptimization events (20 events):
Event: 1165.059 Thread 0x000002451dbc0790 DEOPT PACKING pc=0x00000245659e1c14 sp=0x0000007b5fbff240
Event: 1165.059 Thread 0x000002451dbc0790 DEOPT UNPACKING pc=0x0000024565226d02 sp=0x0000007b5fbff0f8 mode 2
Event: 1396.192 Thread 0x000002451cf6f270 Uncommon trap: trap_request=0xffffff4d fr.pc=0x0000024565cf51a4 relative=0x0000000000000644
Event: 1396.192 Thread 0x000002451cf6f270 Uncommon trap: reason=unstable_if action=reinterpret pc=0x0000024565cf51a4 method=java.util.concurrent.ConcurrentHashMap.replaceNode(Ljava/lang/Object;Ljava/lang/Object;Ljava/lang/Object;)Ljava/lang/Object; @ 99 c2
Event: 1396.192 Thread 0x000002451cf6f270 DEOPT PACKING pc=0x0000024565cf51a4 sp=0x0000007b5c4fe300
Event: 1396.192 Thread 0x000002451cf6f270 DEOPT UNPACKING pc=0x0000024565226d02 sp=0x0000007b5c4fe268 mode 2
Event: 1397.091 Thread 0x000002451c9a50e0 DEOPT PACKING pc=0x000002455dedebe9 sp=0x0000007b5abf6e80
Event: 1397.092 Thread 0x000002451c9a50e0 DEOPT UNPACKING pc=0x0000024565156642 sp=0x0000007b5abf6390 mode 0
Event: 1662.577 Thread 0x000002451dbc7c90 Uncommon trap: trap_request=0xffffffde fr.pc=0x000002456593b57c relative=0x000000000000015c
Event: 1662.578 Thread 0x000002451dbc7c90 Uncommon trap: reason=class_check action=maybe_recompile pc=0x000002456593b57c method=java.lang.reflect.Array.newInstance(Ljava/lang/Class;I)Ljava/lang/Object; @ 2 c2
Event: 1662.578 Thread 0x000002451dbc7c90 DEOPT PACKING pc=0x000002456593b57c sp=0x0000007b58ffec70
Event: 1662.579 Thread 0x000002451dbc7c90 DEOPT UNPACKING pc=0x0000024565226d02 sp=0x0000007b58ffec08 mode 2
Event: 1662.589 Thread 0x000002451dbc5800 Uncommon trap: trap_request=0xffffff4d fr.pc=0x00000245658ffb84 relative=0x0000000000000224
Event: 1662.589 Thread 0x000002451dbc5800 Uncommon trap: reason=unstable_if action=reinterpret pc=0x00000245658ffb84 method=org.gradle.internal.snapshot.PathUtil.equalChars(CCLorg/gradle/internal/snapshot/CaseSensitivity;)Z @ 11 c2
Event: 1662.589 Thread 0x000002451dbc5800 DEOPT PACKING pc=0x00000245658ffb84 sp=0x0000007b58dfdd00
Event: 1662.589 Thread 0x000002451dbc5800 DEOPT UNPACKING pc=0x0000024565226d02 sp=0x0000007b58dfdc88 mode 2
Event: 1662.591 Thread 0x000002451dbc5800 Uncommon trap: trap_request=0xffffff4d fr.pc=0x0000024565dc8730 relative=0x0000000000000350
Event: 1662.591 Thread 0x000002451dbc5800 Uncommon trap: reason=unstable_if action=reinterpret pc=0x0000024565dc8730 method=java.lang.String.valueOf(Ljava/lang/Object;)Ljava/lang/String; @ 1 c2
Event: 1662.591 Thread 0x000002451dbc5800 DEOPT PACKING pc=0x0000024565dc8730 sp=0x0000007b58dfe830
Event: 1662.591 Thread 0x000002451dbc5800 DEOPT UNPACKING pc=0x0000024565226d02 sp=0x0000007b58dfe7a8 mode 2

Classes loaded (20 events):
Event: 984.247 Loading class java/util/logging/LogRecord
Event: 984.249 Loading class java/util/logging/LogRecord done
Event: 984.323 Loading class java/io/NotSerializableException
Event: 984.323 Loading class java/io/NotSerializableException done
Event: 984.325 Loading class java/util/Collections$EmptyListIterator
Event: 984.326 Loading class java/util/Collections$EmptyListIterator done
Event: 984.332 Loading class java/io/CharArrayWriter
Event: 984.333 Loading class java/io/CharArrayWriter done
Event: 984.384 Loading class java/net/UrlDeserializedState
Event: 984.385 Loading class java/net/UrlDeserializedState done
Event: 984.385 Loading class java/net/Proxy
Event: 984.386 Loading class java/net/Proxy done
Event: 1024.175 Loading class java/util/PriorityQueue
Event: 1024.176 Loading class java/util/PriorityQueue done
Event: 1027.940 Loading class sun/net/ConnectionResetException
Event: 1027.941 Loading class sun/net/ConnectionResetException done
Event: 1140.990 Loading class java/util/HashMap$UnsafeHolder
Event: 1140.990 Loading class java/util/HashMap$UnsafeHolder done
Event: 1141.298 Loading class java/time/Ser
Event: 1141.299 Loading class java/time/Ser done

Classes unloaded (20 events):
Event: 1023.065 Thread 0x00000245708bb8a0 Unloading class 0x00000245010ad400 'java/lang/invoke/LambdaForm$MH+0x00000245010ad400'
Event: 1023.065 Thread 0x00000245708bb8a0 Unloading class 0x00000245010ad000 'java/lang/invoke/LambdaForm$MH+0x00000245010ad000'
Event: 1023.065 Thread 0x00000245708bb8a0 Unloading class 0x00000245010ac800 'java/lang/invoke/LambdaForm$MH+0x00000245010ac800'
Event: 1023.065 Thread 0x00000245708bb8a0 Unloading class 0x00000245010ac400 'java/lang/invoke/LambdaForm$MH+0x00000245010ac400'
Event: 1023.065 Thread 0x00000245708bb8a0 Unloading class 0x00000245010ac000 'java/lang/invoke/LambdaForm$BMH+0x00000245010ac000'
Event: 1023.065 Thread 0x00000245708bb8a0 Unloading class 0x000002450108d000 'java/lang/invoke/LambdaForm$MH+0x000002450108d000'
Event: 1023.065 Thread 0x00000245708bb8a0 Unloading class 0x000002450108cc00 'java/lang/invoke/LambdaForm$MH+0x000002450108cc00'
Event: 1023.065 Thread 0x00000245708bb8a0 Unloading class 0x000002450103d000 'java/lang/invoke/LambdaForm$MH+0x000002450103d000'
Event: 1023.065 Thread 0x00000245708bb8a0 Unloading class 0x000002450103cc00 'java/lang/invoke/LambdaForm$MH+0x000002450103cc00'
Event: 1023.065 Thread 0x00000245708bb8a0 Unloading class 0x0000024501029c00 'java/lang/invoke/LambdaForm$MH+0x0000024501029c00'
Event: 1023.065 Thread 0x00000245708bb8a0 Unloading class 0x0000024501028800 'java/lang/invoke/LambdaForm$MH+0x0000024501028800'
Event: 1023.065 Thread 0x00000245708bb8a0 Unloading class 0x0000024501028400 'java/lang/invoke/LambdaForm$MH+0x0000024501028400'
Event: 1023.065 Thread 0x00000245708bb8a0 Unloading class 0x0000024501020400 'java/lang/invoke/LambdaForm$MH+0x0000024501020400'
Event: 1023.065 Thread 0x00000245708bb8a0 Unloading class 0x0000024501002000 'java/lang/invoke/LambdaForm$MH+0x0000024501002000'
Event: 1023.065 Thread 0x00000245708bb8a0 Unloading class 0x0000024501001c00 'java/lang/invoke/LambdaForm$MH+0x0000024501001c00'
Event: 1023.065 Thread 0x00000245708bb8a0 Unloading class 0x0000024501001400 'java/lang/invoke/LambdaForm$MH+0x0000024501001400'
Event: 1398.454 Thread 0x00000245708bb8a0 Unloading class 0x000002450185d400 'java/lang/invoke/LambdaForm$MH+0x000002450185d400'
Event: 1398.454 Thread 0x00000245708bb8a0 Unloading class 0x000002450185d000 'java/lang/invoke/LambdaForm$MH+0x000002450185d000'
Event: 1398.454 Thread 0x00000245708bb8a0 Unloading class 0x000002450185cc00 'java/lang/invoke/LambdaForm$MH+0x000002450185cc00'
Event: 1398.454 Thread 0x00000245708bb8a0 Unloading class 0x000002450185c800 'java/lang/invoke/LambdaForm$BMH+0x000002450185c800'

Classes redefined (0 events):
No events

Internal exceptions (20 events):
Event: 1160.592 Thread 0x000002451ab28810 Exception <a 'sun/nio/fs/WindowsException'{0x00000000e8f2bce0}> (0x00000000e8f2bce0) 
thrown [s\open\src\hotspot\share\prims\jni.cpp, line 518]
Event: 1160.903 Thread 0x000002451ab28810 Exception <a 'java/lang/NoClassDefFoundError'{0x00000000e893a728}: org/jetbrains/kotlin/gradle/plugin/KotlinPluginWrapper> (0x00000000e893a728) 
thrown [s\open\src\hotspot\share\oops\constantPool.cpp, line 1048]
Event: 1160.903 Thread 0x000002451ab28810 Exception <a 'java/lang/NoClassDefFoundError'{0x00000000e893c880}: org/graalvm/buildtools/gradle/NativeImagePlugin> (0x00000000e893c880) 
thrown [s\open\src\hotspot\share\oops\constantPool.cpp, line 1048]
Event: 1160.903 Thread 0x000002451ab28810 Exception <a 'java/lang/NoClassDefFoundError'{0x00000000e893e9c8}: org/cyclonedx/gradle/CycloneDxPlugin> (0x00000000e893e9c8) 
thrown [s\open\src\hotspot\share\oops\constantPool.cpp, line 1048]
Event: 1161.894 Thread 0x000002451ab28810 Exception <a 'sun/nio/fs/WindowsException'{0x00000000ebc683e0}> (0x00000000ebc683e0) 
thrown [s\open\src\hotspot\share\prims\jni.cpp, line 518]
Event: 1396.242 Thread 0x000002451c9a50e0 Exception <a 'sun/nio/fs/WindowsException'{0x00000000ead34ac0}> (0x00000000ead34ac0) 
thrown [s\open\src\hotspot\share\prims\jni.cpp, line 518]
Event: 1396.243 Thread 0x000002451c9a50e0 Exception <a 'sun/nio/fs/WindowsException'{0x00000000ead35ec8}> (0x00000000ead35ec8) 
thrown [s\open\src\hotspot\share\prims\jni.cpp, line 518]
Event: 1396.243 Thread 0x000002451c9a50e0 Exception <a 'sun/nio/fs/WindowsException'{0x00000000ead37508}> (0x00000000ead37508) 
thrown [s\open\src\hotspot\share\prims\jni.cpp, line 518]
Event: 1396.243 Thread 0x000002451c9a50e0 Exception <a 'sun/nio/fs/WindowsException'{0x00000000ead388e0}> (0x00000000ead388e0) 
thrown [s\open\src\hotspot\share\prims\jni.cpp, line 518]
Event: 1396.456 Thread 0x000002451c9a50e0 Exception <a 'java/lang/NoClassDefFoundError'{0x00000000ea732b68}: org/jetbrains/kotlin/gradle/plugin/KotlinPluginWrapper> (0x00000000ea732b68) 
thrown [s\open\src\hotspot\share\oops\constantPool.cpp, line 1048]
Event: 1396.456 Thread 0x000002451c9a50e0 Exception <a 'java/lang/NoClassDefFoundError'{0x00000000ea734cc0}: org/graalvm/buildtools/gradle/NativeImagePlugin> (0x00000000ea734cc0) 
thrown [s\open\src\hotspot\share\oops\constantPool.cpp, line 1048]
Event: 1396.456 Thread 0x000002451c9a50e0 Exception <a 'java/lang/NoClassDefFoundError'{0x00000000ea737088}: org/cyclonedx/gradle/CycloneDxPlugin> (0x00000000ea737088) 
thrown [s\open\src\hotspot\share\oops\constantPool.cpp, line 1048]
Event: 1399.426 Thread 0x000002451c9a50e0 Exception <a 'sun/nio/fs/WindowsException'{0x00000000ed7504e8}> (0x00000000ed7504e8) 
thrown [s\open\src\hotspot\share\prims\jni.cpp, line 518]
Event: 1662.570 Thread 0x000002451dbc7c90 Exception <a 'java/lang/NoSuchMethodError'{0x00000000eca10cc0}: static Lorg/gradle/launcher/daemon/protocol/Command;.<clinit>()V> (0x00000000eca10cc0) 
thrown [s\open\src\hotspot\share\prims\jni.cpp, line 1108]
Event: 1662.575 Thread 0x000002451dbc7c90 Exception <a 'java/lang/NoSuchMethodError'{0x00000000eca35768}: static Lorg/gradle/launcher/daemon/protocol/InvalidateVirtualFileSystemAfterChange;.<clinit>()V> (0x00000000eca35768) 
thrown [s\open\src\hotspot\share\prims\jni.cpp, line 1108]
Event: 1662.591 Thread 0x000002451dbc5800 Implicit null exception at 0x0000024565dc840d to 0x0000024565dc871c
Event: 1663.458 Thread 0x000002451dbc66a0 Exception <a 'sun/nio/fs/WindowsException'{0x00000000ec7086e8}> (0x00000000ec7086e8) 
thrown [s\open\src\hotspot\share\prims\jni.cpp, line 518]
Event: 1663.460 Thread 0x000002451dbc66a0 Exception <a 'sun/nio/fs/WindowsException'{0x00000000ec709af0}> (0x00000000ec709af0) 
thrown [s\open\src\hotspot\share\prims\jni.cpp, line 518]
Event: 1663.461 Thread 0x000002451dbc66a0 Exception <a 'sun/nio/fs/WindowsException'{0x00000000ec70aee8}> (0x00000000ec70aee8) 
thrown [s\open\src\hotspot\share\prims\jni.cpp, line 518]
Event: 1663.464 Thread 0x000002451dbc66a0 Exception <a 'sun/nio/fs/WindowsException'{0x00000000ec70c2c0}> (0x00000000ec70c2c0) 
thrown [s\open\src\hotspot\share\prims\jni.cpp, line 518]

VM Operations (20 events):
Event: 1398.453 Executing VM operation: G1PauseRemark
Event: 1398.698 Executing VM operation: G1PauseRemark done
Event: 1398.837 Executing VM operation: G1PauseCleanup
Event: 1398.838 Executing VM operation: G1PauseCleanup done
Event: 1443.431 Executing VM operation: HandshakeAllThreads (HandshakeForDeflation)
Event: 1443.431 Executing VM operation: HandshakeAllThreads (HandshakeForDeflation) done
Event: 1443.431 Executing VM operation: RendezvousGCThreads
Event: 1443.431 Executing VM operation: RendezvousGCThreads done
Event: 1503.575 Executing VM operation: HandshakeAllThreads (HandshakeForDeflation)
Event: 1503.575 Executing VM operation: HandshakeAllThreads (HandshakeForDeflation) done
Event: 1503.575 Executing VM operation: RendezvousGCThreads
Event: 1503.575 Executing VM operation: RendezvousGCThreads done
Event: 1563.729 Executing VM operation: HandshakeAllThreads (HandshakeForDeflation)
Event: 1563.730 Executing VM operation: HandshakeAllThreads (HandshakeForDeflation) done
Event: 1563.730 Executing VM operation: RendezvousGCThreads
Event: 1563.730 Executing VM operation: RendezvousGCThreads done
Event: 1623.919 Executing VM operation: HandshakeAllThreads (HandshakeForDeflation)
Event: 1623.919 Executing VM operation: HandshakeAllThreads (HandshakeForDeflation) done
Event: 1623.920 Executing VM operation: RendezvousGCThreads
Event: 1623.920 Executing VM operation: RendezvousGCThreads done

Memory protections (0 events):
No events

Nmethod flushes (20 events):
Event: 1398.673 Thread 0x00000245708bb8a0 flushing  nmethod 0x000002455e42c508
Event: 1398.673 Thread 0x00000245708bb8a0 flushing  nmethod 0x000002455e42c908
Event: 1398.673 Thread 0x00000245708bb8a0 flushing  nmethod 0x000002455e42d208
Event: 1398.673 Thread 0x00000245708bb8a0 flushing  nmethod 0x000002455e56ba08
Event: 1398.673 Thread 0x00000245708bb8a0 flushing  nmethod 0x000002455e56f888
Event: 1398.673 Thread 0x00000245708bb8a0 flushing  nmethod 0x000002455e56fd08
Event: 1398.673 Thread 0x00000245708bb8a0 flushing  nmethod 0x000002455e571d08
Event: 1398.673 Thread 0x00000245708bb8a0 flushing  nmethod 0x000002455e572f08
Event: 1398.673 Thread 0x00000245708bb8a0 flushing  nmethod 0x000002455e573388
Event: 1398.673 Thread 0x00000245708bb8a0 flushing  nmethod 0x000002455e7a8d88
Event: 1398.673 Thread 0x00000245708bb8a0 flushing  nmethod 0x000002455e7a9688
Event: 1398.673 Thread 0x00000245708bb8a0 flushing  nmethod 0x000002455e7a9b88
Event: 1398.673 Thread 0x00000245708bb8a0 flushing  nmethod 0x000002455e7aa088
Event: 1398.673 Thread 0x00000245708bb8a0 flushing  nmethod 0x000002455e7ab908
Event: 1398.673 Thread 0x00000245708bb8a0 flushing  nmethod 0x000002455e7ac288
Event: 1398.673 Thread 0x00000245708bb8a0 flushing  nmethod 0x000002455f232488
Event: 1398.673 Thread 0x00000245708bb8a0 flushing  nmethod 0x000002455f232a08
Event: 1398.673 Thread 0x00000245708bb8a0 flushing  nmethod 0x000002455f234f88
Event: 1398.673 Thread 0x00000245708bb8a0 flushing  nmethod 0x000002455f236008
Event: 1398.673 Thread 0x00000245708bb8a0 flushing  nmethod 0x000002455f351088

Events (20 events):
Event: 1662.542 Thread 0x000002451dbc3ac0 Thread added: 0x000002451dbc4960
Event: 1662.563 Thread 0x000002451dbc3ac0 Thread added: 0x000002451dbc2c20
Event: 1662.582 Thread 0x000002451dbc3ac0 Thread added: 0x000002451dbc66a0
Event: 1662.599 Thread 0x000002451dbc7c90 Thread exited: 0x000002451dbc7c90
Event: 1662.600 Thread 0x000002451dbc66a0 Thread added: 0x000002451dbc7c90
Event: 1662.606 Thread 0x000002451dbc66a0 Thread added: 0x000002451dbc4210
Event: 1662.607 Thread 0x000002451dbc66a0 Thread added: 0x000002451dbc0ee0
Event: 1662.824 Thread 0x000002451dbc66a0 Thread added: 0x000002451dbc1630
Event: 1662.839 Thread 0x000002451dbc66a0 Thread added: 0x000002451dbc3370
Event: 1662.990 Thread 0x000002451dbc66a0 Thread added: 0x000002451cf6cde0
Event: 1663.078 Thread 0x000002451dbc66a0 Thread added: 0x000002451cf70110
Event: 1663.112 Thread 0x000002451dbc66a0 Thread added: 0x000002451cf725a0
Event: 1663.325 Thread 0x000002451dbc66a0 Thread added: 0x000002451cf71700
Event: 1663.325 Thread 0x000002451dbc66a0 Thread added: 0x000002451cf70860
Event: 1663.327 Thread 0x000002451dbc66a0 Thread added: 0x000002451cf73440
Event: 1663.328 Thread 0x000002451dbc66a0 Thread added: 0x000002451cf742e0
Event: 1663.425 Thread 0x000002451dbc66a0 Thread added: 0x000002451cf70fb0
Event: 1663.425 Thread 0x000002451dbc66a0 Thread added: 0x000002451cf72cf0
Event: 1663.425 Thread 0x000002451dbc66a0 Thread added: 0x000002451cf6d530
Event: 1663.426 Thread 0x000002451dbc66a0 Thread added: 0x000002451cf74a30


Dynamic libraries:
0x00007ff6a03a0000 - 0x00007ff6a03ae000 	C:\Users\vuquo\.jdks\openjdk-24.0.1\bin\java.exe
0x00007fff66d70000 - 0x00007fff66f87000 	C:\Windows\SYSTEM32\ntdll.dll
0x00007fff65700000 - 0x00007fff657c4000 	C:\Windows\System32\KERNEL32.DLL
0x00007fff640a0000 - 0x00007fff6444d000 	C:\Windows\System32\KERNELBASE.dll
0x00007fff648f0000 - 0x00007fff64a01000 	C:\Windows\System32\ucrtbase.dll
0x00007fff59750000 - 0x00007fff59766000 	C:\Users\vuquo\.jdks\openjdk-24.0.1\bin\jli.dll
0x00007fff44560000 - 0x00007fff4457b000 	C:\Users\vuquo\.jdks\openjdk-24.0.1\bin\VCRUNTIME140.dll
0x00007fff650d0000 - 0x00007fff6527e000 	C:\Windows\System32\USER32.dll
0x00007fff58a10000 - 0x00007fff58ca3000 	C:\Windows\WinSxS\amd64_microsoft.windows.common-controls_6595b64144ccf1df_6.0.22621.3672_none_2713b9d173822955\COMCTL32.dll
0x00007fff64660000 - 0x00007fff64686000 	C:\Windows\System32\win32u.dll
0x00007fff66630000 - 0x00007fff666d7000 	C:\Windows\System32\msvcrt.dll
0x00007fff65860000 - 0x00007fff65889000 	C:\Windows\System32\GDI32.dll
0x00007fff64450000 - 0x00007fff64569000 	C:\Windows\System32\gdi32full.dll
0x00007fff64a10000 - 0x00007fff64aaa000 	C:\Windows\System32\msvcp_win.dll
0x00007fff657d0000 - 0x00007fff65801000 	C:\Windows\System32\IMM32.DLL
0x00007fff568d0000 - 0x00007fff568dc000 	C:\Users\vuquo\.jdks\openjdk-24.0.1\bin\vcruntime140_1.dll
0x00007fff34bb0000 - 0x00007fff34c3e000 	C:\Users\vuquo\.jdks\openjdk-24.0.1\bin\msvcp140.dll
0x00007ffee19b0000 - 0x00007ffee2752000 	C:\Users\vuquo\.jdks\openjdk-24.0.1\bin\server\jvm.dll
0x00007fff65280000 - 0x00007fff65332000 	C:\Windows\System32\ADVAPI32.dll
0x00007fff654f0000 - 0x00007fff65599000 	C:\Windows\System32\sechost.dll
0x00007fff64570000 - 0x00007fff64598000 	C:\Windows\System32\bcrypt.dll
0x00007fff65340000 - 0x00007fff65454000 	C:\Windows\System32\RPCRT4.dll
0x00007fff64ab0000 - 0x00007fff64b21000 	C:\Windows\System32\WS2_32.dll
0x00007fff62f00000 - 0x00007fff62f4d000 	C:\Windows\SYSTEM32\POWRPROF.dll
0x00007fff59bf0000 - 0x00007fff59bfa000 	C:\Windows\SYSTEM32\VERSION.dll
0x00007fff58ea0000 - 0x00007fff58ed4000 	C:\Windows\SYSTEM32\WINMM.dll
0x00007fff62ee0000 - 0x00007fff62ef3000 	C:\Windows\SYSTEM32\UMPDC.dll
0x00007fff631a0000 - 0x00007fff631b8000 	C:\Windows\SYSTEM32\kernel.appcore.dll
0x00007fff55970000 - 0x00007fff5597a000 	C:\Users\vuquo\.jdks\openjdk-24.0.1\bin\jimage.dll
0x00007fff61180000 - 0x00007fff613b2000 	C:\Windows\SYSTEM32\DBGHELP.DLL
0x00007fff64b30000 - 0x00007fff64eb8000 	C:\Windows\System32\combase.dll
0x00007fff65c30000 - 0x00007fff65d07000 	C:\Windows\System32\OLEAUT32.dll
0x00007fff584d0000 - 0x00007fff58502000 	C:\Windows\SYSTEM32\dbgcore.DLL
0x00007fff64870000 - 0x00007fff648eb000 	C:\Windows\System32\bcryptPrimitives.dll
0x00007fff4e4a0000 - 0x00007fff4e4af000 	C:\Users\vuquo\.jdks\openjdk-24.0.1\bin\instrument.dll
0x00007fff34b90000 - 0x00007fff34bae000 	C:\Users\vuquo\.jdks\openjdk-24.0.1\bin\java.dll
0x00007fff65900000 - 0x00007fff65aa5000 	C:\Windows\System32\ole32.dll
0x00007fff65dd0000 - 0x00007fff6662f000 	C:\Windows\System32\SHELL32.dll
0x00007fff61fb0000 - 0x00007fff628ac000 	C:\Windows\SYSTEM32\windows.storage.dll
0x00007fff61e70000 - 0x00007fff61faf000 	C:\Windows\SYSTEM32\wintypes.dll
0x00007fff64f20000 - 0x00007fff65014000 	C:\Windows\System32\SHCORE.dll
0x00007fff64ec0000 - 0x00007fff64f1e000 	C:\Windows\System32\shlwapi.dll
0x00007fff63fd0000 - 0x00007fff63ff1000 	C:\Windows\SYSTEM32\profapi.dll
0x00007fff34ab0000 - 0x00007fff34b87000 	C:\Users\vuquo\.jdks\openjdk-24.0.1\bin\jsvml.dll
0x00007fff34a90000 - 0x00007fff34aa7000 	C:\Users\vuquo\.jdks\openjdk-24.0.1\bin\zip.dll
0x00007fff44380000 - 0x00007fff44390000 	C:\Users\vuquo\.jdks\openjdk-24.0.1\bin\net.dll
0x00007fff63610000 - 0x00007fff63679000 	C:\Windows\system32\mswsock.dll
0x00007fff34a70000 - 0x00007fff34a86000 	C:\Users\vuquo\.jdks\openjdk-24.0.1\bin\nio.dll
0x00007fff43f30000 - 0x00007fff43f40000 	C:\Users\vuquo\.jdks\openjdk-24.0.1\bin\verify.dll
0x00007fff44580000 - 0x00007fff445a7000 	C:\Users\vuquo\.gradle\native\1def1411415f61bf3af743bc5b6707747c0891f09f0c88961ee8f79bc544acac\windows-amd64\native-platform.dll
0x00007fff23530000 - 0x00007fff235a8000 	C:\Users\vuquo\.gradle\native\0.2.7\x86_64-windows-gnu\gradle-fileevents.dll
0x00007fff43d20000 - 0x00007fff43d2a000 	C:\Users\vuquo\.jdks\openjdk-24.0.1\bin\management.dll
0x00007fff3f960000 - 0x00007fff3f96b000 	C:\Users\vuquo\.jdks\openjdk-24.0.1\bin\management_ext.dll
0x00007fff65890000 - 0x00007fff65898000 	C:\Windows\System32\PSAPI.DLL
0x00007fff62b80000 - 0x00007fff62bad000 	C:\Windows\SYSTEM32\IPHLPAPI.DLL
0x00007fff65d10000 - 0x00007fff65d19000 	C:\Windows\System32\NSI.dll
0x00007fff3f800000 - 0x00007fff3f809000 	C:\Users\vuquo\.jdks\openjdk-24.0.1\bin\extnet.dll
0x00007fff63890000 - 0x00007fff638ab000 	C:\Windows\SYSTEM32\CRYPTSP.dll
0x00007fff630f0000 - 0x00007fff63125000 	C:\Windows\system32\rsaenh.dll
0x00007fff63710000 - 0x00007fff63738000 	C:\Windows\SYSTEM32\USERENV.dll
0x00007fff638b0000 - 0x00007fff638bc000 	C:\Windows\SYSTEM32\CRYPTBASE.dll
0x00007fff3f280000 - 0x00007fff3f28e000 	C:\Users\vuquo\.jdks\openjdk-24.0.1\bin\sunmscapi.dll
0x00007fff64700000 - 0x00007fff64867000 	C:\Windows\System32\CRYPT32.dll
0x00007fff63a50000 - 0x00007fff63a7e000 	C:\Windows\SYSTEM32\ncrypt.dll
0x00007fff63a10000 - 0x00007fff63a47000 	C:\Windows\SYSTEM32\NTASN1.dll
0x00007ffef8ef0000 - 0x00007ffef8ef8000 	C:\Windows\system32\wshunix.dll

JVMTI agents:
C:\Users\vuquo\.gradle\wrapper\dists\gradle-8.14.3-bin\cv11ve7ro1n3o1j4so8xd9n66\gradle-8.14.3\lib\agents\gradle-instrumentation-agent-8.14.3.jar path:C:\Users\vuquo\.jdks\openjdk-24.0.1\bin\instrument.dll, loaded, initialized, instrumentlib options:none

dbghelp: loaded successfully - version: 4.0.5 - missing functions: none
symbol engine: initialized successfully - sym options: 0x614 - pdb path: .;C:\Users\vuquo\.jdks\openjdk-24.0.1\bin;C:\Windows\SYSTEM32;C:\Windows\WinSxS\amd64_microsoft.windows.common-controls_6595b64144ccf1df_6.0.22621.3672_none_2713b9d173822955;C:\Users\vuquo\.jdks\openjdk-24.0.1\bin\server;C:\Users\vuquo\.gradle\native\1def1411415f61bf3af743bc5b6707747c0891f09f0c88961ee8f79bc544acac\windows-amd64;C:\Users\vuquo\.gradle\native\0.2.7\x86_64-windows-gnu

VM Arguments:
jvm_args: --add-opens=java.base/java.lang=ALL-UNNAMED --add-opens=java.base/java.lang.invoke=ALL-UNNAMED --add-opens=java.base/java.util=ALL-UNNAMED --add-opens=java.prefs/java.util.prefs=ALL-UNNAMED --add-exports=jdk.compiler/com.sun.tools.javac.api=ALL-UNNAMED --add-exports=jdk.compiler/com.sun.tools.javac.util=ALL-UNNAMED --add-opens=java.base/java.util=ALL-UNNAMED --add-opens=java.prefs/java.util.prefs=ALL-UNNAMED --add-opens=java.base/java.nio.charset=ALL-UNNAMED --add-opens=java.base/java.net=ALL-UNNAMED --add-opens=java.base/java.util.concurrent.atomic=ALL-UNNAMED --add-opens=java.xml/javax.xml.namespace=ALL-UNNAMED --enable-native-access=ALL-UNNAMED -XX:MaxMetaspaceSize=384m -XX:+HeapDumpOnOutOfMemoryError -Xms256m -Xmx512m -Dfile.encoding=UTF-8 -Duser.country=US -Duser.language=en -Duser.variant -javaagent:C:\Users\vuquo\.gradle\wrapper\dists\gradle-8.14.3-bin\cv11ve7ro1n3o1j4so8xd9n66\gradle-8.14.3\lib\agents\gradle-instrumentation-agent-8.14.3.jar 
java_command: org.gradle.launcher.daemon.bootstrap.GradleDaemon 8.14.3
java_class_path (initial): C:\Users\vuquo\.gradle\wrapper\dists\gradle-8.14.3-bin\cv11ve7ro1n3o1j4so8xd9n66\gradle-8.14.3\lib\gradle-daemon-main-8.14.3.jar
Launcher Type: SUN_STANDARD

[Global flags]
     intx CICompilerCount                          = 4                                         {product} {ergonomic}
   size_t CompressedClassSpaceSize                 = 335544320                                 {product} {ergonomic}
     uint ConcGCThreads                            = 3                                         {product} {ergonomic}
     uint G1ConcRefinementThreads                  = 10                                        {product} {ergonomic}
   size_t G1HeapRegionSize                         = 1048576                                   {product} {ergonomic}
     bool HeapDumpOnOutOfMemoryError               = true                                   {manageable} {command line}
   size_t InitialHeapSize                          = 268435456                                 {product} {command line}
   size_t MarkStackSize                            = 4194304                                   {product} {ergonomic}
   size_t MarkStackSizeMax                         = 536870912                                 {product} {ergonomic}
   size_t MaxHeapSize                              = 536870912                                 {product} {command line}
   size_t MaxMetaspaceSize                         = 402653184                                 {product} {command line}
   size_t MaxNewSize                               = 321912832                                 {product} {ergonomic}
   size_t MinHeapDeltaBytes                        = 1048576                                   {product} {ergonomic}
   size_t MinHeapSize                              = 268435456                                 {product} {command line}
    uintx NonNMethodCodeHeapSize                   = 5832704                                {pd product} {ergonomic}
    uintx NonProfiledCodeHeapSize                  = 122945536                              {pd product} {ergonomic}
    uintx ProfiledCodeHeapSize                     = 122880000                              {pd product} {ergonomic}
    uintx ReservedCodeCacheSize                    = 251658240                              {pd product} {ergonomic}
     bool SegmentedCodeCache                       = true                                      {product} {ergonomic}
   size_t SoftMaxHeapSize                          = 536870912                              {manageable} {ergonomic}
     bool UseCompressedOops                        = true                           {product lp64_product} {ergonomic}
     bool UseG1GC                                  = true                                      {product} {ergonomic}
     bool UseLargePagesIndividualAllocation        = false                                  {pd product} {ergonomic}

Logging:
Log output configuration:
 #0: stdout all=warning uptime,level,tags foldmultilines=false
 #1: stderr all=off uptime,level,tags foldmultilines=false

Environment Variables:
PATH=C:\Program Files\Common Files\Oracle\Java\javapath;C:\u01\app\oracle\product\21c\db_home\bin;D:\u01\app\oracle\product\21c\db_home\bin;D:\orcl21\app\oracle\product\21c\db_home\bin;C:\Program Files (x86)\VMware\VMware Workstation\bin\;C:\Windows\system32;C:\Windows;C:\Windows\System32\Wbem;C:\Windows\System32\WindowsPowerShell\v1.0\;C:\Windows\System32\OpenSSH\;C:\Program Files\dotnet\;C:\Program Files\Git\cmd;C:\Program Files\nodejs\;C:\Users\vuquo\AppData\Local\Programs\Python\Launcher\;C:\Program Files\MySQL\MySQL Shell 8.0\bin\;C:\Users\vuquo\AppData\Local\Microsoft\WindowsApps;C:\Users\vuquo\AppData\Local\Programs\Microsoft VS Code\bin;C:\Users\vuquo\AppData\Roaming\npm;C:\Program Files\JetBrains\IntelliJ IDEA 2025.1.3\bin;;C:\Users\vuquo\.dotnet\tools;D:\Antigravity\bin
USERNAME=vuquo
OS=Windows_NT
PROCESSOR_IDENTIFIER=Intel64 Family 6 Model 141 Stepping 1, GenuineIntel
TMP=C:\Users\vuquo\AppData\Local\Temp
TEMP=C:\Users\vuquo\AppData\Local\Temp




Periodic native trim disabled

---------------  S Y S T E M  ---------------

OS:
 Windows 11 , 64 bit Build 22621 (10.0.22621.3672)
OS uptime: 0 days 2:08 hours
Hyper-V role detected

CPU: total 12 (initial active 12) (6 cores per cpu, 2 threads per core) family 6 model 141 stepping 1 microcode 0x34, cx8, cmov, fxsr, ht, mmx, 3dnowpref, sse, sse2, sse3, ssse3, sse4.1, sse4.2, popcnt, lzcnt, tsc, tscinvbit, avx, avx2, aes, erms, clmul, bmi1, bmi2, adx, avx512f, avx512dq, avx512cd, avx512bw, avx512vl, sha, fma, vzeroupper, avx512_vpopcntdq, avx512_vpclmulqdq, avx512_vaes, avx512_vnni, clflush, clflushopt, clwb, avx512_vbmi2, avx512_vbmi, hv, rdtscp, rdpid, fsrm, gfni, avx512_bitalg, f16c, cet_ibt, cet_ss, avx512_ifma
Processor Information for the first 12 processors :
  Max Mhz: 2611, Current Mhz: 2611, Mhz Limit: 2611

Memory: 4k page, system-wide physical 7913M (331M free)
TotalPageFile size 15913M (AvailPageFile size 18M)
current process WorkingSet (physical memory assigned to process): 151M, peak: 450M
current process commit charge ("private bytes"): 537M, peak: 577M

vm_info: OpenJDK 64-Bit Server VM (24.0.1+9-30) for windows-amd64 JRE (24.0.1+9-30), built on 2025-03-05T07:23:45Z with MS VC++ 17.6 (VS2022)

END.
